LSOA Code,LSOA Name,Local Authority Code,Local Authority Name,Region,Number of households,Number of households in fuel poverty,Proportion of households fuel poor (%)
E01026007,Boston 001A,E07000136,Boston,East Midlands,524,46,8.778625954198473
E01026008,Boston 001B,E07000136,Boston,East Midlands,606,76,12.541254125412541
E01026009,Boston 001C,E07000136,Boston,East Midlands,549,74,13.479052823315119
E01026010,Boston 002A,E07000136,Boston,East Midlands,784,82,10.459183673469388
E01026012,Boston 004A,E07000136,Boston,East Midlands,572,68,11.888111888111888
E01026013,Boston 008A,E07000136,Boston,East Midlands,658,46,6.9908814589665651
E01026014,Boston 008B,E07000136,Boston,East Midlands,832,62,7.4519230769230766
E01026015,Boston 004B,E07000136,Boston,East Midlands,742,49,6.6037735849056602
E01026016,Boston 006A,E07000136,Boston,East Midlands,1082,119,10.998151571164511
E01026017,Boston 007A,E07000136,Boston,East Midlands,751,102,13.581890812250332
E01026018,Boston 007B,E07000136,Boston,East Midlands,783,91,11.621966794380588
E01026019,Boston 007C,E07000136,Boston,East Midlands,1235,157,12.712550607287449
E01026020,Boston 007D,E07000136,Boston,East Midlands,1268,122,9.6214511041009469
E01026021,Boston 003B,E07000136,Boston,East Midlands,850,98,11.529411764705882
E01026022,Boston 008C,E07000136,Boston,East Midlands,969,76,7.8431372549019605
E01026023,Boston 001D,E07000136,Boston,East Midlands,644,75,11.645962732919255
E01026024,Boston 001E,E07000136,Boston,East Midlands,975,107,10.974358974358974
E01026025,Boston 003C,E07000136,Boston,East Midlands,1146,189,16.492146596858639
E01026026,Boston 004C,E07000136,Boston,East Midlands,951,118,12.407991587802314
E01026027,Boston 004D,E07000136,Boston,East Midlands,792,90,11.363636363636363
E01026028,Boston 004E,E07000136,Boston,East Midlands,914,116,12.691466083150985
E01026030,Boston 002C,E07000136,Boston,East Midlands,1193,179,15.004191114836546
E01026031,Boston 009B,E07000136,Boston,East Midlands,741,57,7.6923076923076925
E01026032,Boston 002D,E07000136,Boston,East Midlands,823,171,20.777642770352369
E01026033,Boston 006B,E07000136,Boston,East Midlands,1065,122,11.455399061032864
E01026034,Boston 006C,E07000136,Boston,East Midlands,882,101,11.45124716553288
E01026035,Boston 009C,E07000136,Boston,East Midlands,1133,65,5.7369814651368047
E01026036,Boston 003D,E07000136,Boston,East Midlands,693,149,21.5007215007215
E01026037,Boston 002E,E07000136,Boston,East Midlands,733,102,13.915416098226466
E01026038,Boston 008D,E07000136,Boston,East Midlands,697,45,6.4562410329985651
E01026039,Boston 009D,E07000136,Boston,East Midlands,546,47,8.6080586080586077
E01026040,Boston 008E,E07000136,Boston,East Midlands,718,53,7.3816155988857934
E01026041,Boston 007E,E07000136,Boston,East Midlands,654,89,13.608562691131498
E01026042,East Lindsey 008A,E07000137,East Lindsey,East Midlands,813,144,17.712177121771216
E01026043,East Lindsey 008B,E07000137,East Lindsey,East Midlands,857,106,12.368728121353559
E01026044,East Lindsey 008C,E07000137,East Lindsey,East Midlands,657,76,11.56773211567732
E01026045,East Lindsey 001A,E07000137,East Lindsey,East Midlands,944,128,13.559322033898304
E01026046,East Lindsey 013A,E07000137,East Lindsey,East Midlands,631,84,13.312202852614895
E01026047,East Lindsey 013B,E07000137,East Lindsey,East Midlands,665,55,8.2706766917293226
E01026048,East Lindsey 010A,E07000137,East Lindsey,East Midlands,824,94,11.407766990291263
E01026049,East Lindsey 010B,E07000137,East Lindsey,East Midlands,796,84,10.552763819095476
E01026050,East Lindsey 010C,E07000137,East Lindsey,East Midlands,865,77,8.901734104046243
E01026051,East Lindsey 016A,E07000137,East Lindsey,East Midlands,657,63,9.5890410958904102
E01026052,East Lindsey 016B,E07000137,East Lindsey,East Midlands,895,75,8.3798882681564244
E01026053,East Lindsey 016C,E07000137,East Lindsey,East Midlands,827,99,11.970979443772672
E01026054,East Lindsey 016D,E07000137,East Lindsey,East Midlands,776,110,14.175257731958762
E01026055,East Lindsey 013C,E07000137,East Lindsey,East Midlands,534,54,10.112359550561797
E01026056,East Lindsey 017A,E07000137,East Lindsey,East Midlands,556,74,13.309352517985612
E01026057,East Lindsey 018A,E07000137,East Lindsey,East Midlands,926,129,13.930885529157667
E01026058,East Lindsey 002A,E07000137,East Lindsey,East Midlands,1088,109,10.018382352941178
E01026059,East Lindsey 013D,E07000137,East Lindsey,East Midlands,518,67,12.934362934362934
E01026060,East Lindsey 009A,E07000137,East Lindsey,East Midlands,612,75,12.254901960784313
E01026061,East Lindsey 001B,E07000137,East Lindsey,East Midlands,534,51,9.5505617977528079
E01026062,East Lindsey 001C,E07000137,East Lindsey,East Midlands,554,55,9.927797833935017
E01026063,East Lindsey 001D,E07000137,East Lindsey,East Midlands,736,56,7.608695652173914
E01026064,East Lindsey 011A,E07000137,East Lindsey,East Midlands,756,94,12.433862433862434
E01026065,East Lindsey 011B,E07000137,East Lindsey,East Midlands,940,76,8.085106382978724
E01026066,East Lindsey 011C,E07000137,East Lindsey,East Midlands,1018,82,8.0550098231827114
E01026067,East Lindsey 011D,E07000137,East Lindsey,East Midlands,1023,159,15.542521994134898
E01026068,East Lindsey 009B,E07000137,East Lindsey,East Midlands,1039,173,16.650625601539943
E01026069,East Lindsey 010D,E07000137,East Lindsey,East Midlands,1120,106,9.4642857142857135
E01026070,East Lindsey 009C,E07000137,East Lindsey,East Midlands,1016,168,16.535433070866144
E01026071,East Lindsey 007A,E07000137,East Lindsey,East Midlands,1032,162,15.697674418604651
E01026072,East Lindsey 005A,E07000137,East Lindsey,East Midlands,1075,135,12.558139534883722
E01026073,East Lindsey 005B,E07000137,East Lindsey,East Midlands,1022,139,13.60078277886497
E01026074,East Lindsey 005C,E07000137,East Lindsey,East Midlands,1126,130,11.545293072824157
E01026075,East Lindsey 018B,E07000137,East Lindsey,East Midlands,1023,142,13.880742913000976
E01026076,East Lindsey 002B,E07000137,East Lindsey,East Midlands,1053,117,11.111111111111111
E01026077,East Lindsey 003A,E07000137,East Lindsey,East Midlands,681,59,8.6637298091042574
E01026078,East Lindsey 003B,E07000137,East Lindsey,East Midlands,508,62,12.204724409448819
E01026079,East Lindsey 002C,E07000137,East Lindsey,East Midlands,924,95,10.281385281385282
E01026080,East Lindsey 001E,E07000137,East Lindsey,East Midlands,970,120,12.371134020618557
E01026081,East Lindsey 004A,E07000137,East Lindsey,East Midlands,1274,200,15.698587127158556
E01026082,East Lindsey 007B,E07000137,East Lindsey,East Midlands,1113,135,12.129380053908356
E01026083,East Lindsey 015A,E07000137,East Lindsey,East Midlands,839,95,11.323003575685339
E01026084,East Lindsey 012A,E07000137,East Lindsey,East Midlands,761,105,13.797634691195796
E01026087,East Lindsey 003C,E07000137,East Lindsey,East Midlands,675,69,10.222222222222223
E01026088,East Lindsey 003D,E07000137,East Lindsey,East Midlands,656,44,6.7073170731707323
E01026089,East Lindsey 004C,E07000137,East Lindsey,East Midlands,1065,108,10.140845070422536
E01026090,East Lindsey 003E,E07000137,East Lindsey,East Midlands,656,54,8.2317073170731714
E01026091,East Lindsey 003F,E07000137,East Lindsey,East Midlands,537,33,6.1452513966480442
E01026092,East Lindsey 014A,E07000137,East Lindsey,East Midlands,686,113,16.472303206997086
E01026093,East Lindsey 014B,E07000137,East Lindsey,East Midlands,979,207,21.144024514811033
E01026094,East Lindsey 015B,E07000137,East Lindsey,East Midlands,1135,113,9.9559471365638768
E01026095,East Lindsey 014C,E07000137,East Lindsey,East Midlands,629,106,16.852146263910971
E01026096,East Lindsey 015C,E07000137,East Lindsey,East Midlands,664,54,8.1325301204819276
E01026097,East Lindsey 015D,E07000137,East Lindsey,East Midlands,802,87,10.847880299251871
E01026098,East Lindsey 018C,E07000137,East Lindsey,East Midlands,962,88,9.147609147609149
E01026099,East Lindsey 005D,E07000137,East Lindsey,East Midlands,981,103,10.499490316004078
E01026100,East Lindsey 013E,E07000137,East Lindsey,East Midlands,898,117,13.028953229398663
E01026101,East Lindsey 013F,E07000137,East Lindsey,East Midlands,649,99,15.254237288135593
E01026102,East Lindsey 018D,E07000137,East Lindsey,East Midlands,1052,123,11.692015209125476
E01026103,East Lindsey 006A,E07000137,East Lindsey,East Midlands,1064,103,9.6804511278195484
E01026104,East Lindsey 006B,E07000137,East Lindsey,East Midlands,1145,88,7.6855895196506552
E01026105,East Lindsey 009D,E07000137,East Lindsey,East Midlands,1067,146,13.683223992502343
E01026106,East Lindsey 001F,E07000137,East Lindsey,East Midlands,567,55,9.7001763668430332
E01026107,East Lindsey 001G,E07000137,East Lindsey,East Midlands,535,62,11.588785046728972
E01026108,East Lindsey 003G,E07000137,East Lindsey,East Midlands,1160,124,10.689655172413794
E01026109,East Lindsey 006C,E07000137,East Lindsey,East Midlands,1176,106,9.0136054421768712
E01026110,East Lindsey 017B,E07000137,East Lindsey,East Midlands,732,72,9.8360655737704921
E01026111,East Lindsey 017C,E07000137,East Lindsey,East Midlands,711,95,13.361462728551334
E01026112,East Lindsey 017D,E07000137,East Lindsey,East Midlands,535,102,19.065420560747665
E01026113,East Lindsey 008D,E07000137,East Lindsey,East Midlands,988,125,12.651821862348179
E01026114,East Lindsey 014D,E07000137,East Lindsey,East Midlands,837,144,17.20430107526882
E01026115,East Lindsey 012C,E07000137,East Lindsey,East Midlands,867,106,12.226066897347174
E01026116,East Lindsey 012D,E07000137,East Lindsey,East Midlands,768,83,10.807291666666668
E01026117,East Lindsey 008E,E07000137,East Lindsey,East Midlands,938,123,13.113006396588487
E01026118,East Lindsey 016E,E07000137,East Lindsey,East Midlands,904,65,7.1902654867256635
E01026119,East Lindsey 016F,E07000137,East Lindsey,East Midlands,548,49,8.9416058394160594
E01026120,East Lindsey 016G,E07000137,East Lindsey,East Midlands,776,100,12.886597938144329
E01026121,East Lindsey 007C,E07000137,East Lindsey,East Midlands,1243,143,11.504424778761061
E01026122,Lincoln 004A,E07000138,Lincoln,East Midlands,852,158,18.544600938967136
E01026123,Lincoln 004B,E07000138,Lincoln,East Midlands,1123,113,10.062333036509349
E01026124,Lincoln 004C,E07000138,Lincoln,East Midlands,791,186,23.514538558786345
E01026125,Lincoln 003A,E07000138,Lincoln,East Midlands,559,104,18.604651162790699
E01026126,Lincoln 004D,E07000138,Lincoln,East Midlands,970,172,17.731958762886599
E01026127,Lincoln 007A,E07000138,Lincoln,East Midlands,675,68,10.074074074074074
E01026129,Lincoln 007C,E07000138,Lincoln,East Midlands,763,55,7.2083879423328963
E01026130,Lincoln 009A,E07000138,Lincoln,East Midlands,668,38,5.6886227544910177
E01026131,Lincoln 007D,E07000138,Lincoln,East Midlands,646,62,9.5975232198142422
E01026132,Lincoln 005A,E07000138,Lincoln,East Midlands,829,108,13.027744270205066
E01026134,Lincoln 006A,E07000138,Lincoln,East Midlands,987,173,17.52786220871327
E01026135,Lincoln 008B,E07000138,Lincoln,East Midlands,811,66,8.1381011097410614
E01026136,Lincoln 008C,E07000138,Lincoln,East Midlands,831,59,7.0998796630565586
E01026137,Lincoln 011A,E07000138,Lincoln,East Midlands,514,33,6.4202334630350189
E01026138,Lincoln 011B,E07000138,Lincoln,East Midlands,663,40,6.0331825037707389
E01026139,Lincoln 011C,E07000138,Lincoln,East Midlands,602,42,6.9767441860465116
E01026140,Lincoln 011D,E07000138,Lincoln,East Midlands,665,57,8.5714285714285712
E01026141,Lincoln 011E,E07000138,Lincoln,East Midlands,632,43,6.8037974683544302
E01026142,Lincoln 011F,E07000138,Lincoln,East Midlands,536,63,11.753731343283583
E01026144,Lincoln 003B,E07000138,Lincoln,East Midlands,946,159,16.807610993657505
E01026145,Lincoln 005C,E07000138,Lincoln,East Midlands,701,130,18.544935805991443
E01026146,Lincoln 005D,E07000138,Lincoln,East Midlands,786,156,19.847328244274809
E01026147,Lincoln 003C,E07000138,Lincoln,East Midlands,1126,104,9.2362344582593252
E01026148,Lincoln 003D,E07000138,Lincoln,East Midlands,1039,202,19.441770933589993
E01026149,Lincoln 001A,E07000138,Lincoln,East Midlands,831,87,10.469314079422382
E01026150,Lincoln 001B,E07000138,Lincoln,East Midlands,910,101,11.098901098901099
E01026151,Lincoln 003E,E07000138,Lincoln,East Midlands,1017,112,11.012782694198624
E01026152,Lincoln 004E,E07000138,Lincoln,East Midlands,604,97,16.059602649006621
E01026153,Lincoln 002A,E07000138,Lincoln,East Midlands,1167,73,6.2553556126820915
E01026154,Lincoln 004F,E07000138,Lincoln,East Midlands,565,75,13.274336283185843
E01026155,Lincoln 002B,E07000138,Lincoln,East Midlands,862,48,5.5684454756380504
E01026156,Lincoln 004G,E07000138,Lincoln,East Midlands,517,78,15.087040618955513
E01026157,Lincoln 002C,E07000138,Lincoln,East Midlands,683,69,10.102489019033674
E01026158,Lincoln 009B,E07000138,Lincoln,East Midlands,702,36,5.1282051282051277
E01026159,Lincoln 009C,E07000138,Lincoln,East Midlands,702,44,6.267806267806268
E01026160,Lincoln 009D,E07000138,Lincoln,East Midlands,654,27,4.1284403669724776
E01026161,Lincoln 010A,E07000138,Lincoln,East Midlands,700,70,10
E01026162,Lincoln 009E,E07000138,Lincoln,East Midlands,684,47,6.871345029239766
E01026163,Lincoln 009F,E07000138,Lincoln,East Midlands,646,28,4.3343653250773997
E01026164,Lincoln 003F,E07000138,Lincoln,East Midlands,607,52,8.5667215815486006
E01026165,Lincoln 002D,E07000138,Lincoln,East Midlands,882,81,9.183673469387756
E01026166,Lincoln 001C,E07000138,Lincoln,East Midlands,641,69,10.764430577223088
E01026167,Lincoln 003G,E07000138,Lincoln,East Midlands,861,106,12.311265969802555
E01026168,Lincoln 001D,E07000138,Lincoln,East Midlands,739,83,11.231393775372124
E01026169,Lincoln 011G,E07000138,Lincoln,East Midlands,777,72,9.2664092664092657
E01026170,Lincoln 010B,E07000138,Lincoln,East Midlands,686,81,11.807580174927114
E01026171,Lincoln 011H,E07000138,Lincoln,East Midlands,741,53,7.1524966261808363
E01026172,Lincoln 010C,E07000138,Lincoln,East Midlands,687,81,11.790393013100436
E01026173,Lincoln 010D,E07000138,Lincoln,East Midlands,741,111,14.979757085020243
E01026174,Lincoln 008D,E07000138,Lincoln,East Midlands,699,128,18.31187410586552
E01026175,Lincoln 010E,E07000138,Lincoln,East Midlands,984,149,15.142276422764228
E01026176,Lincoln 006B,E07000138,Lincoln,East Midlands,1074,237,22.067039106145252
E01026177,Lincoln 006C,E07000138,Lincoln,East Midlands,867,233,26.87427912341407
E01026178,Lincoln 006D,E07000138,Lincoln,East Midlands,855,170,19.883040935672515
E01026179,North Kesteven 008A,E07000139,North Kesteven,East Midlands,443,60,13.544018058690746
E01026180,North Kesteven 007A,E07000139,North Kesteven,East Midlands,661,87,13.161875945537066
E01026182,North Kesteven 003B,E07000139,North Kesteven,East Midlands,670,68,10.149253731343283
E01026183,North Kesteven 007B,E07000139,North Kesteven,East Midlands,1258,167,13.275039745627982
E01026184,North Kesteven 004A,E07000139,North Kesteven,East Midlands,630,64,10.158730158730158
E01026185,North Kesteven 004B,E07000139,North Kesteven,East Midlands,1052,89,8.4600760456273765
E01026186,North Kesteven 001A,E07000139,North Kesteven,East Midlands,779,56,7.1887034659820284
E01026187,North Kesteven 001B,E07000139,North Kesteven,East Midlands,824,42,5.0970873786407767
E01026188,North Kesteven 004C,E07000139,North Kesteven,East Midlands,1092,85,7.7838827838827838
E01026189,North Kesteven 001C,E07000139,North Kesteven,East Midlands,867,70,8.0738177623990772
E01026190,North Kesteven 004D,E07000139,North Kesteven,East Midlands,866,81,9.3533487297921472
E01026191,North Kesteven 005A,E07000139,North Kesteven,East Midlands,834,79,9.4724220623501196
E01026192,North Kesteven 006A,E07000139,North Kesteven,East Midlands,557,80,14.362657091561939
E01026193,North Kesteven 003C,E07000139,North Kesteven,East Midlands,679,81,11.929307805596466
E01026194,North Kesteven 006B,E07000139,North Kesteven,East Midlands,975,86,8.8205128205128194
E01026195,North Kesteven 006C,E07000139,North Kesteven,East Midlands,892,100,11.210762331838566
E01026196,North Kesteven 006D,E07000139,North Kesteven,East Midlands,696,104,14.942528735632186
E01026197,North Kesteven 008B,E07000139,North Kesteven,East Midlands,678,76,11.209439528023598
E01026198,North Kesteven 008C,E07000139,North Kesteven,East Midlands,509,73,14.341846758349705
E01026199,North Kesteven 003D,E07000139,North Kesteven,East Midlands,1144,135,11.8006993006993
E01026200,North Kesteven 012A,E07000139,North Kesteven,East Midlands,865,76,8.7861271676300579
E01026201,North Kesteven 012B,E07000139,North Kesteven,East Midlands,954,121,12.683438155136267
E01026202,North Kesteven 012C,E07000139,North Kesteven,East Midlands,970,97,10
E01026203,North Kesteven 001D,E07000139,North Kesteven,East Midlands,942,66,7.0063694267515926
E01026204,North Kesteven 001E,E07000139,North Kesteven,East Midlands,803,48,5.9775840597758405
E01026205,North Kesteven 005B,E07000139,North Kesteven,East Midlands,779,80,10.269576379974326
E01026206,North Kesteven 001F,E07000139,North Kesteven,East Midlands,833,53,6.3625450180072027
E01026207,North Kesteven 012D,E07000139,North Kesteven,East Midlands,574,76,13.240418118466899
E01026208,North Kesteven 012E,E07000139,North Kesteven,East Midlands,724,55,7.596685082872928
E01026209,North Kesteven 009A,E07000139,North Kesteven,East Midlands,1041,110,10.566762728146013
E01026210,North Kesteven 007C,E07000139,North Kesteven,East Midlands,1109,154,13.886384129846711
E01026211,North Kesteven 005C,E07000139,North Kesteven,East Midlands,855,91,10.64327485380117
E01026212,North Kesteven 005D,E07000139,North Kesteven,East Midlands,697,52,7.4605451936872305
E01026213,North Kesteven 005E,E07000139,North Kesteven,East Midlands,860,106,12.325581395348838
E01026214,North Kesteven 014A,E07000139,North Kesteven,East Midlands,548,46,8.3941605839416056
E01026215,North Kesteven 014B,E07000139,North Kesteven,East Midlands,494,41,8.2995951417004061
E01026218,North Kesteven 014C,E07000139,North Kesteven,East Midlands,616,51,8.279220779220779
E01026219,North Kesteven 014D,E07000139,North Kesteven,East Midlands,549,41,7.4681238615664851
E01026220,North Kesteven 013A,E07000139,North Kesteven,East Midlands,1104,96,8.695652173913043
E01026221,North Kesteven 009B,E07000139,North Kesteven,East Midlands,1171,177,15.115286080273272
E01026222,North Kesteven 009C,E07000139,North Kesteven,East Midlands,919,78,8.4874863982589765
E01026223,North Kesteven 008D,E07000139,North Kesteven,East Midlands,970,80,8.2474226804123703
E01026224,North Kesteven 007D,E07000139,North Kesteven,East Midlands,845,109,12.89940828402367
E01026225,North Kesteven 003E,E07000139,North Kesteven,East Midlands,795,67,8.4276729559748418
E01026226,North Kesteven 003F,E07000139,North Kesteven,East Midlands,886,72,8.1264108352144468
E01026227,North Kesteven 010A,E07000139,North Kesteven,East Midlands,855,127,14.853801169590644
E01026228,North Kesteven 011A,E07000139,North Kesteven,East Midlands,775,55,7.096774193548387
E01026229,North Kesteven 011B,E07000139,North Kesteven,East Midlands,815,54,6.625766871165645
E01026230,North Kesteven 010B,E07000139,North Kesteven,East Midlands,813,69,8.4870848708487081
E01026231,North Kesteven 010C,E07000139,North Kesteven,East Midlands,1226,72,5.8727569331158236
E01026232,North Kesteven 010D,E07000139,North Kesteven,East Midlands,1084,102,9.4095940959409603
E01026233,North Kesteven 011C,E07000139,North Kesteven,East Midlands,772,38,4.9222797927461137
E01026235,North Kesteven 010E,E07000139,North Kesteven,East Midlands,813,103,12.669126691266912
E01026236,North Kesteven 011E,E07000139,North Kesteven,East Midlands,563,39,6.9271758436944939
E01026237,North Kesteven 004E,E07000139,North Kesteven,East Midlands,544,43,7.9044117647058822
E01026238,North Kesteven 004F,E07000139,North Kesteven,East Midlands,659,43,6.5250379362670712
E01026239,South Holland 011A,E07000140,South Holland,East Midlands,978,125,12.781186094069529
E01026240,South Holland 011B,E07000140,South Holland,East Midlands,1199,104,8.6738949124270235
E01026241,South Holland 005A,E07000140,South Holland,East Midlands,803,106,13.200498132004981
E01026242,South Holland 001A,E07000140,South Holland,East Midlands,822,74,9.002433090024331
E01026243,South Holland 001B,E07000140,South Holland,East Midlands,625,85,13.600000000000001
E01026244,South Holland 001C,E07000140,South Holland,East Midlands,597,63,10.552763819095476
E01026245,South Holland 010A,E07000140,South Holland,East Midlands,1139,101,8.8674275680421424
E01026246,South Holland 002A,E07000140,South Holland,East Midlands,1042,123,11.804222648752399
E01026247,South Holland 001D,E07000140,South Holland,East Midlands,904,105,11.61504424778761
E01026248,South Holland 002B,E07000140,South Holland,East Midlands,1014,130,12.820512820512819
E01026249,South Holland 010B,E07000140,South Holland,East Midlands,916,86,9.3886462882096069
E01026250,South Holland 003A,E07000140,South Holland,East Midlands,1060,160,15.09433962264151
E01026251,South Holland 003B,E07000140,South Holland,East Midlands,864,63,7.291666666666667
E01026252,South Holland 003C,E07000140,South Holland,East Midlands,877,95,10.832383124287343
E01026253,South Holland 003D,E07000140,South Holland,East Midlands,945,100,10.582010582010582
E01026254,South Holland 008A,E07000140,South Holland,East Midlands,911,115,12.623490669593854
E01026255,South Holland 008B,E07000140,South Holland,East Midlands,953,112,11.752360965372507
E01026256,South Holland 008C,E07000140,South Holland,East Midlands,776,98,12.628865979381443
E01026257,South Holland 002C,E07000140,South Holland,East Midlands,1030,82,7.9611650485436893
E01026258,South Holland 005B,E07000140,South Holland,East Midlands,1036,60,5.7915057915057915
E01026259,South Holland 005C,E07000140,South Holland,East Midlands,764,92,12.041884816753926
E01026260,South Holland 005D,E07000140,South Holland,East Midlands,916,102,11.135371179039302
E01026262,South Holland 009A,E07000140,South Holland,East Midlands,685,56,8.1751824817518255
E01026263,South Holland 009B,E07000140,South Holland,East Midlands,1026,47,4.5808966861598437
E01026264,South Holland 009C,E07000140,South Holland,East Midlands,698,97,13.896848137535816
E01026265,South Holland 009D,E07000140,South Holland,East Midlands,568,60,10.56338028169014
E01026266,South Holland 006B,E07000140,South Holland,East Midlands,1115,203,18.206278026905828
E01026268,South Holland 007A,E07000140,South Holland,East Midlands,927,110,11.866235167206041
E01026269,South Holland 007B,E07000140,South Holland,East Midlands,1003,87,8.6739780658025936
E01026270,South Holland 007C,E07000140,South Holland,East Midlands,772,99,12.823834196891193
E01026271,South Holland 007D,E07000140,South Holland,East Midlands,799,92,11.514392991239049
E01026272,South Holland 007E,E07000140,South Holland,East Midlands,636,75,11.79245283018868
E01026273,South Holland 006C,E07000140,South Holland,East Midlands,793,38,4.7919293820933166
E01026275,South Holland 006E,E07000140,South Holland,East Midlands,1184,119,10.050675675675675
E01026276,South Holland 001E,E07000140,South Holland,East Midlands,1044,118,11.302681992337165
E01026277,South Holland 008D,E07000140,South Holland,East Midlands,770,122,15.844155844155845
E01026278,South Holland 008E,E07000140,South Holland,East Midlands,684,103,15.058479532163743
E01026279,South Holland 008F,E07000140,South Holland,East Midlands,655,70,10.687022900763358
E01026280,South Holland 010C,E07000140,South Holland,East Midlands,1179,114,9.669211195928753
E01026281,South Holland 004A,E07000140,South Holland,East Midlands,621,56,9.0177133655394517
E01026282,South Holland 004B,E07000140,South Holland,East Midlands,807,92,11.400247831474598
E01026283,South Holland 004C,E07000140,South Holland,East Midlands,796,82,10.301507537688442
E01026284,South Holland 011C,E07000140,South Holland,East Midlands,1040,82,7.8846153846153841
E01026285,South Holland 004D,E07000140,South Holland,East Midlands,659,68,10.318664643399089
E01026286,South Holland 004E,E07000140,South Holland,East Midlands,555,56,10.09009009009009
E01026287,South Kesteven 015A,E07000141,South Kesteven,East Midlands,650,65,10
E01026288,South Kesteven 015B,E07000141,South Kesteven,East Midlands,796,97,12.185929648241206
E01026289,South Kesteven 015C,E07000141,South Kesteven,East Midlands,1044,76,7.2796934865900385
E01026290,South Kesteven 008A,E07000141,South Kesteven,East Midlands,1009,125,12.388503468780971
E01026291,South Kesteven 002A,E07000141,South Kesteven,East Midlands,943,83,8.8016967126193002
E01026292,South Kesteven 007A,E07000141,South Kesteven,East Midlands,681,48,7.0484581497797363
E01026293,South Kesteven 007B,E07000141,South Kesteven,East Midlands,928,73,7.8663793103448274
E01026294,South Kesteven 007C,E07000141,South Kesteven,East Midlands,709,29,4.090267983074753
E01026296,South Kesteven 011B,E07000141,South Kesteven,East Midlands,701,54,7.7032810271041363
E01026297,South Kesteven 011C,E07000141,South Kesteven,East Midlands,708,65,9.1807909604519775
E01026298,South Kesteven 011D,E07000141,South Kesteven,East Midlands,1108,126,11.371841155234657
E01026299,South Kesteven 010A,E07000141,South Kesteven,East Midlands,782,69,8.8235294117647065
E01026300,South Kesteven 010B,E07000141,South Kesteven,East Midlands,679,33,4.8600883652430049
E01026302,South Kesteven 010D,E07000141,South Kesteven,East Midlands,529,31,5.8601134215500945
E01026303,South Kesteven 014A,E07000141,South Kesteven,East Midlands,559,27,4.8300536672629697
E01026304,South Kesteven 014B,E07000141,South Kesteven,East Midlands,664,54,8.1325301204819276
E01026305,South Kesteven 014C,E07000141,South Kesteven,East Midlands,651,31,4.7619047619047619
E01026306,South Kesteven 014D,E07000141,South Kesteven,East Midlands,870,87,10
E01026307,South Kesteven 014E,E07000141,South Kesteven,East Midlands,592,45,7.6013513513513518
E01026308,South Kesteven 005A,E07000141,South Kesteven,East Midlands,661,79,11.951588502269288
E01026309,South Kesteven 005B,E07000141,South Kesteven,East Midlands,768,102,13.28125
E01026310,South Kesteven 005C,E07000141,South Kesteven,East Midlands,488,50,10.245901639344263
E01026311,South Kesteven 005D,E07000141,South Kesteven,East Midlands,722,91,12.603878116343489
E01026312,South Kesteven 005E,E07000141,South Kesteven,East Midlands,481,63,13.097713097713099
E01026313,South Kesteven 001A,E07000141,South Kesteven,East Midlands,678,72,10.619469026548673
E01026314,South Kesteven 001B,E07000141,South Kesteven,East Midlands,621,64,10.305958132045088
E01026315,South Kesteven 009A,E07000141,South Kesteven,East Midlands,1028,178,17.315175097276263
E01026316,South Kesteven 007D,E07000141,South Kesteven,East Midlands,1121,174,15.521855486173058
E01026317,South Kesteven 006A,E07000141,South Kesteven,East Midlands,1176,177,15.051020408163266
E01026318,South Kesteven 006B,E07000141,South Kesteven,East Midlands,1090,185,16.972477064220186
E01026319,South Kesteven 006C,E07000141,South Kesteven,East Midlands,1190,81,6.8067226890756301
E01026321,South Kesteven 004B,E07000141,South Kesteven,East Midlands,631,25,3.9619651347068143
E01026322,South Kesteven 004C,E07000141,South Kesteven,East Midlands,624,49,7.8525641025641022
E01026323,South Kesteven 004D,E07000141,South Kesteven,East Midlands,1126,140,12.433392539964476
E01026324,South Kesteven 004E,E07000141,South Kesteven,East Midlands,940,57,6.0638297872340425
E01026325,South Kesteven 003A,E07000141,South Kesteven,East Midlands,665,86,12.93233082706767
E01026326,South Kesteven 003B,E07000141,South Kesteven,East Midlands,668,62,9.2814371257485018
E01026327,South Kesteven 003C,E07000141,South Kesteven,East Midlands,663,73,11.010558069381599
E01026328,South Kesteven 003D,E07000141,South Kesteven,East Midlands,637,83,13.029827315541601
E01026329,South Kesteven 001C,E07000141,South Kesteven,East Midlands,861,117,13.588850174216027
E01026330,South Kesteven 012A,E07000141,South Kesteven,East Midlands,926,100,10.799136069114471
E01026331,South Kesteven 009B,E07000141,South Kesteven,East Midlands,1177,171,14.528462192013594
E01026332,South Kesteven 007E,E07000141,South Kesteven,East Midlands,1016,127,12.5
E01026333,South Kesteven 001D,E07000141,South Kesteven,East Midlands,1143,124,10.84864391951006
E01026334,South Kesteven 013A,E07000141,South Kesteven,East Midlands,686,44,6.4139941690962097
E01026335,South Kesteven 013B,E07000141,South Kesteven,East Midlands,765,60,7.8431372549019605
E01026336,South Kesteven 013C,E07000141,South Kesteven,East Midlands,866,75,8.6605080831408774
E01026337,South Kesteven 013D,E07000141,South Kesteven,East Midlands,1006,54,5.3677932405566597
E01026338,South Kesteven 009C,E07000141,South Kesteven,East Midlands,577,73,12.651646447140379
E01026339,South Kesteven 009D,E07000141,South Kesteven,East Midlands,603,72,11.940298507462686
E01026340,South Kesteven 002B,E07000141,South Kesteven,East Midlands,1063,92,8.6547507055503292
E01026341,South Kesteven 008B,E07000141,South Kesteven,East Midlands,709,77,10.860366713681241
E01026342,South Kesteven 008C,E07000141,South Kesteven,East Midlands,621,46,7.4074074074074066
E01026343,South Kesteven 006D,E07000141,South Kesteven,East Midlands,992,178,17.943548387096776
E01026344,South Kesteven 006E,E07000141,South Kesteven,East Midlands,712,100,14.04494382022472
E01026345,South Kesteven 006F,E07000141,South Kesteven,East Midlands,771,88,11.413748378728924
E01026346,South Kesteven 015D,E07000141,South Kesteven,East Midlands,549,50,9.1074681238615653
E01026347,South Kesteven 015E,E07000141,South Kesteven,East Midlands,879,94,10.693970420932878
E01026348,South Kesteven 015F,E07000141,South Kesteven,East Midlands,517,47,9.0909090909090917
E01026349,South Kesteven 016A,E07000141,South Kesteven,East Midlands,819,109,13.30891330891331
E01026350,South Kesteven 016B,E07000141,South Kesteven,East Midlands,1043,107,10.258868648130392
E01026351,South Kesteven 016C,E07000141,South Kesteven,East Midlands,904,131,14.491150442477876
E01026352,South Kesteven 003E,E07000141,South Kesteven,East Midlands,596,41,6.8791946308724832
E01026353,South Kesteven 003F,E07000141,South Kesteven,East Midlands,924,153,16.558441558441558
E01026354,South Kesteven 003G,E07000141,South Kesteven,East Midlands,522,27,5.1724137931034484
E01026355,South Kesteven 002C,E07000141,South Kesteven,East Midlands,1168,107,9.1609589041095898
E01026356,South Kesteven 016D,E07000141,South Kesteven,East Midlands,628,26,4.1401273885350314
E01026357,South Kesteven 016E,E07000141,South Kesteven,East Midlands,627,52,8.2934609250398719
E01026358,South Kesteven 016F,E07000141,South Kesteven,East Midlands,675,52,7.7037037037037042
E01026359,South Kesteven 016G,E07000141,South Kesteven,East Midlands,1097,55,5.0136736554238839
E01026360,South Kesteven 012B,E07000141,South Kesteven,East Midlands,975,80,8.2051282051282044
E01026361,South Kesteven 008D,E07000141,South Kesteven,East Midlands,1241,154,12.409347300564061
E01026362,South Kesteven 012C,E07000141,South Kesteven,East Midlands,739,55,7.4424898511502029
E01026363,South Kesteven 012D,E07000141,South Kesteven,East Midlands,904,106,11.725663716814159
E01026364,South Kesteven 012E,E07000141,South Kesteven,East Midlands,857,73,8.5180863477246209
E01026365,South Kesteven 002D,E07000141,South Kesteven,East Midlands,1082,103,9.5194085027726434
E01026366,West Lindsey 011A,E07000142,West Lindsey,East Midlands,1138,135,11.86291739894552
E01026367,West Lindsey 001A,E07000142,West Lindsey,East Midlands,854,144,16.861826697892273
E01026368,West Lindsey 001B,E07000142,West Lindsey,East Midlands,882,80,9.0702947845804989
E01026369,West Lindsey 011B,E07000142,West Lindsey,East Midlands,628,66,10.509554140127388
E01026370,West Lindsey 011C,E07000142,West Lindsey,East Midlands,1233,72,5.8394160583941606
E01026371,West Lindsey 011D,E07000142,West Lindsey,East Midlands,566,56,9.8939929328621901
E01026372,West Lindsey 008A,E07000142,West Lindsey,East Midlands,1149,106,9.2254134029590951
E01026373,West Lindsey 011E,E07000142,West Lindsey,East Midlands,1009,115,11.397423191278493
E01026374,West Lindsey 006A,E07000142,West Lindsey,East Midlands,658,90,13.677811550151976
E01026375,West Lindsey 006B,E07000142,West Lindsey,East Midlands,907,96,10.584343991179713
E01026376,West Lindsey 006C,E07000142,West Lindsey,East Midlands,806,74,9.1811414392059554
E01026377,West Lindsey 006D,E07000142,West Lindsey,East Midlands,988,88,8.9068825910931171
E01026378,West Lindsey 004A,E07000142,West Lindsey,East Midlands,789,152,19.264892268694549
E01026379,West Lindsey 004B,E07000142,West Lindsey,East Midlands,874,144,16.475972540045767
E01026380,West Lindsey 002A,E07000142,West Lindsey,East Midlands,1135,75,6.607929515418502
E01026381,West Lindsey 004C,E07000142,West Lindsey,East Midlands,931,135,14.500537056928033
E01026382,West Lindsey 004D,E07000142,West Lindsey,East Midlands,830,122,14.698795180722893
E01026383,West Lindsey 004E,E07000142,West Lindsey,East Midlands,776,216,27.835051546391753
E01026384,West Lindsey 004F,E07000142,West Lindsey,East Midlands,1163,196,16.852966466036111
E01026385,West Lindsey 005A,E07000142,West Lindsey,East Midlands,528,81,15.340909090909092
E01026386,West Lindsey 005B,E07000142,West Lindsey,East Midlands,585,106,18.119658119658119
E01026387,West Lindsey 001C,E07000142,West Lindsey,East Midlands,1218,136,11.16584564860427
E01026388,West Lindsey 007A,E07000142,West Lindsey,East Midlands,1022,105,10.273972602739725
E01026389,West Lindsey 003A,E07000142,West Lindsey,East Midlands,954,134,14.046121593291405
E01026390,West Lindsey 003B,E07000142,West Lindsey,East Midlands,935,116,12.406417112299465
E01026391,West Lindsey 003C,E07000142,West Lindsey,East Midlands,967,122,12.616339193381593
E01026392,West Lindsey 003D,E07000142,West Lindsey,East Midlands,1422,143,10.056258790436006
E01026393,West Lindsey 010A,E07000142,West Lindsey,East Midlands,730,60,8.2191780821917799
E01026394,West Lindsey 010B,E07000142,West Lindsey,East Midlands,1072,82,7.6492537313432836
E01026395,West Lindsey 010C,E07000142,West Lindsey,East Midlands,796,72,9.0452261306532673
E01026396,West Lindsey 009A,E07000142,West Lindsey,East Midlands,683,47,6.8814055636896052
E01026398,West Lindsey 009C,E07000142,West Lindsey,East Midlands,838,98,11.694510739856803
E01026399,West Lindsey 005C,E07000142,West Lindsey,East Midlands,697,90,12.91248206599713
E01026400,West Lindsey 009D,E07000142,West Lindsey,East Midlands,648,75,11.574074074074074
E01026401,West Lindsey 002B,E07000142,West Lindsey,East Midlands,700,66,9.4285714285714288
E01026402,West Lindsey 002C,E07000142,West Lindsey,East Midlands,904,87,9.6238938053097343
E01026403,West Lindsey 002D,E07000142,West Lindsey,East Midlands,601,75,12.479201331114808
E01026404,West Lindsey 007B,E07000142,West Lindsey,East Midlands,1117,124,11.101163831692032
E01026405,West Lindsey 010D,E07000142,West Lindsey,East Midlands,639,58,9.0766823161189372
E01026406,West Lindsey 010E,E07000142,West Lindsey,East Midlands,546,43,7.875457875457875
E01026407,West Lindsey 002E,E07000142,West Lindsey,East Midlands,633,81,12.796208530805686
E01026408,West Lindsey 002F,E07000142,West Lindsey,East Midlands,632,57,9.0189873417721511
E01026409,West Lindsey 007C,E07000142,West Lindsey,East Midlands,590,65,11.016949152542372
E01026410,West Lindsey 007D,E07000142,West Lindsey,East Midlands,830,86,10.361445783132531
E01026411,West Lindsey 005D,E07000142,West Lindsey,East Midlands,1161,154,13.264427217915589
E01026412,West Lindsey 008B,E07000142,West Lindsey,East Midlands,901,76,8.4350721420643726
E01026413,West Lindsey 008C,E07000142,West Lindsey,East Midlands,944,70,7.4152542372881349
E01026414,West Lindsey 008D,E07000142,West Lindsey,East Midlands,854,99,11.592505854800937
E01026415,West Lindsey 003E,E07000142,West Lindsey,East Midlands,531,99,18.64406779661017
E01026416,West Lindsey 001D,E07000142,West Lindsey,East Midlands,612,104,16.993464052287582
E01032683,West Lindsey 001G,E07000142,West Lindsey,East Midlands,1101,146,13.260672116257947
E01032986,East Lindsey 004D,E07000137,East Lindsey,East Midlands,628,95,15.127388535031846
E01032987,East Lindsey 004E,E07000137,East Lindsey,East Midlands,739,72,9.7428958051420835
E01032988,North Kesteven 013B,E07000139,North Kesteven,East Midlands,853,61,7.1512309495896833
E01032989,North Kesteven 013C,E07000139,North Kesteven,East Midlands,858,34,3.9627039627039626
E01032991,North Kesteven 014E,E07000139,North Kesteven,East Midlands,999,70,7.0070070070070072
E01032992,North Kesteven 014F,E07000139,North Kesteven,East Midlands,720,56,7.7777777777777777
E01032993,North Kesteven 013D,E07000139,North Kesteven,East Midlands,1124,57,5.0711743772241995
E01032994,North Kesteven 003H,E07000139,North Kesteven,East Midlands,703,48,6.8278805120910393
E01032995,South Holland 006F,E07000140,South Holland,East Midlands,762,114,14.960629921259844
E01032996,South Holland 006G,E07000140,South Holland,East Midlands,602,49,8.1395348837209305
E01032997,South Kesteven 011E,E07000141,South Kesteven,East Midlands,526,27,5.1330798479087454
E01032998,South Kesteven 011F,E07000141,South Kesteven,East Midlands,782,34,4.3478260869565215
E01032999,South Kesteven 011G,E07000141,South Kesteven,East Midlands,603,39,6.467661691542288
E01034679,Boston 002F,E07000136,Boston,East Midlands,583,82,14.065180102915953
E01034680,Boston 002G,E07000136,Boston,East Midlands,603,107,17.744610281923716
E01034681,Boston 003E,E07000136,Boston,East Midlands,632,139,21.99367088607595
E01034682,Boston 003F,E07000136,Boston,East Midlands,698,119,17.048710601719197
E01034683,Boston 009E,E07000136,Boston,East Midlands,601,51,8.4858569051580695
E01034684,Boston 009F,E07000136,Boston,East Midlands,596,35,5.8724832214765099
E01034685,East Lindsey 012E,E07000137,East Lindsey,East Midlands,683,32,4.6852122986822842
E01034686,East Lindsey 012F,E07000137,East Lindsey,East Midlands,798,51,6.3909774436090219
E01034687,Lincoln 005E,E07000138,Lincoln,East Midlands,487,109,22.381930184804926
E01034688,Lincoln 005F,E07000138,Lincoln,East Midlands,467,102,21.841541755888652
E01034689,Lincoln 007E,E07000138,Lincoln,East Midlands,551,28,5.0816696914700543
E01034690,Lincoln 007F,E07000138,Lincoln,East Midlands,744,32,4.3010752688172049
E01034691,Lincoln 008E,E07000138,Lincoln,East Midlands,506,62,12.252964426877471
E01034692,Lincoln 008F,E07000138,Lincoln,East Midlands,670,125,18.656716417910449
E01034693,North Kesteven 003I,E07000139,North Kesteven,East Midlands,716,33,4.6089385474860336
E01034694,North Kesteven 003J,E07000139,North Kesteven,East Midlands,760,32,4.2105263157894735
E01034695,North Kesteven 011F,E07000139,North Kesteven,East Midlands,797,32,4.0150564617314926
E01034696,North Kesteven 011G,E07000139,North Kesteven,East Midlands,657,21,3.1963470319634704
E01034697,South Holland 006H,E07000140,South Holland,East Midlands,677,32,4.7267355982274744
E01034698,South Holland 006I,E07000140,South Holland,East Midlands,673,29,4.3090638930163445
E01034699,South Holland 009F,E07000140,South Holland,East Midlands,582,60,10.309278350515463
E01034700,South Holland 009G,E07000140,South Holland,East Midlands,703,56,7.9658605974395442
E01034701,South Kesteven 004F,E07000141,South Kesteven,East Midlands,645,19,2.945736434108527
E01034702,South Kesteven 004G,E07000141,South Kesteven,East Midlands,692,26,3.7572254335260116
E01034703,South Kesteven 010E,E07000141,South Kesteven,East Midlands,619,45,7.2697899838449116
E01034704,South Kesteven 010F,E07000141,South Kesteven,East Midlands,584,31,5.3082191780821919
E01034705,South Kesteven 010G,E07000141,South Kesteven,East Midlands,583,18,3.0874785591766725
E01034706,West Lindsey 009E,E07000142,West Lindsey,East Midlands,678,42,6.1946902654867255
E01034707,West Lindsey 009F,E07000142,West Lindsey,East Midlands,655,74,11.297709923664122
