Scope,Year,Mean_Projected_SAMHI,Mean_Change_vs_2022,Pct_Areas_Worsening,Pct_Areas_Improving,Total_LSOAs,High_Risk_Decile_9_10_Count
lincolnshire,2023,1.1676751694721241,0.1388701564229466,86.20689655172413,13.793103448275861,435,85
lincolnshire,2024,1.2928906028306755,0.26408558978149793,96.7816091954023,3.218390804597701,435,85
lincolnshire,2025,1.4109642339676052,0.3821592209184276,98.85057471264368,1.1494252873563218,435,85
lincolnshire,2026,1.5293549621493265,0.5005499491001489,99.08045977011494,0.9195402298850575,435,85
lincolnshire,2027,1.643658620357545,0.6148536073083674,99.08045977011494,0.9195402298850575,435,85
national,2023,0.8225396867807531,0.11930190654926566,76.9574877795882,23.04251222041179,33755,6657
national,2024,0.9111181646398165,0.20788038440832926,83.15508813509109,16.8449118649089,33755,6647
national,2025,0.9834907602420212,0.28025298001053395,85.55769515627316,14.442304843726856,33755,6645
national,2026,1.0568039572242365,0.3535661769927491,86.78121759739298,13.21878240260702,33755,6645
national,2027,1.1234953886768035,0.4202576084453163,88.00474003851281,11.995259961487188,33755,6641
