Local authority code,Local authority,MSOA code,Middle layer super output area,LSOA code,Lower layer super output area,"Number of 
domestic 
properties","Number of 
domestic 
gas meters","Estimated number 
of properties not 
on the gas grid","Estimated percentage
of properties not 
on the gas grid"
E07000136,Boston,E02005417,Boston 001,E01026007,Boston 001A,490,405,85,17.35
E07000136,Boston,E02005417,Boston 001,E01026008,Boston 001B,600,346,254,42.33
E07000136,Boston,E02005417,Boston 001,E01026009,Boston 001C,540,,,
E07000136,Boston,E02005417,Boston 001,E01026023,Boston 001D,640,,,
E07000136,Boston,E02005417,Boston 001,E01026024,Boston 001E,970,,,
E07000136,Boston,E02005418,Boston 002,E01026010,Boston 002A,680,690,0,0
E07000136,Boston,E02005418,Boston 002,E01026030,Boston 002C,1190,1080,110,9.24
E07000136,Boston,E02005418,Boston 002,E01026032,Boston 002D,800,738,62,7.75
E07000136,Boston,E02005418,Boston 002,E01026037,Boston 002E,780,678,102,13.08
E07000136,Boston,E02005418,Boston 002,E01034679,Boston 002F,590,551,39,6.61
E07000136,Boston,E02005418,Boston 002,E01034680,Boston 002G,600,545,55,9.17
E07000136,Boston,E02005419,Boston 003,E01026021,Boston 003B,950,778,172,18.11
E07000136,Boston,E02005419,Boston 003,E01026025,Boston 003C,1190,977,213,17.9
E07000136,Boston,E02005419,Boston 003,E01026036,Boston 003D,730,681,49,6.71
E07000136,Boston,E02005419,Boston 003,E01034681,Boston 003E,660,599,61,9.24
E07000136,Boston,E02005419,Boston 003,E01034682,Boston 003F,760,561,199,26.18
E07000136,Boston,E02005420,Boston 004,E01026012,Boston 004A,570,532,38,6.67
E07000136,Boston,E02005420,Boston 004,E01026015,Boston 004B,700,689,11,1.57
E07000136,Boston,E02005420,Boston 004,E01026026,Boston 004C,930,919,11,1.18
E07000136,Boston,E02005420,Boston 004,E01026027,Boston 004D,790,750,40,5.06
E07000136,Boston,E02005420,Boston 004,E01026028,Boston 004E,870,775,95,10.92
E07000136,Boston,E02005422,Boston 006,E01026016,Boston 006A,1080,252,828,76.67
E07000136,Boston,E02005422,Boston 006,E01026033,Boston 006B,980,440,540,55.1
E07000136,Boston,E02005422,Boston 006,E01026034,Boston 006C,860,610,250,29.07
E07000136,Boston,E02005423,Boston 007,E01026017,Boston 007A,720,,,
E07000136,Boston,E02005423,Boston 007,E01026018,Boston 007B,780,358,422,54.1
E07000136,Boston,E02005423,Boston 007,E01026019,Boston 007C,1200,990,210,17.5
E07000136,Boston,E02005423,Boston 007,E01026020,Boston 007D,1140,1143,0,0
E07000136,Boston,E02005423,Boston 007,E01026041,Boston 007E,640,583,57,8.91
E07000136,Boston,E02006864,Boston 008,E01026013,Boston 008A,620,585,35,5.65
E07000136,Boston,E02006864,Boston 008,E01026014,Boston 008B,810,697,113,13.95
E07000136,Boston,E02006864,Boston 008,E01026022,Boston 008C,850,868,0,0
E07000136,Boston,E02006864,Boston 008,E01026038,Boston 008D,620,609,11,1.77
E07000136,Boston,E02006864,Boston 008,E01026040,Boston 008E,660,714,0,0
E07000136,Boston,E02006865,Boston 009,E01026031,Boston 009B,710,754,0,0
E07000136,Boston,E02006865,Boston 009,E01026035,Boston 009C,1070,1085,0,0
E07000136,Boston,E02006865,Boston 009,E01026039,Boston 009D,520,520,0,0
E07000136,Boston,E02006865,Boston 009,E01034683,Boston 009E,570,505,65,11.4
E07000136,Boston,E02006865,Boston 009,E01034684,Boston 009F,570,624,0,0
E07000137,East Lindsey,E02005424,East Lindsey 001,E01026045,East Lindsey 001A,920,377,543,59.02
E07000137,East Lindsey,E02005424,East Lindsey 001,E01026061,East Lindsey 001B,510,502,8,1.57
E07000137,East Lindsey,E02005424,East Lindsey 001,E01026062,East Lindsey 001C,530,487,43,8.11
E07000137,East Lindsey,E02005424,East Lindsey 001,E01026063,East Lindsey 001D,710,698,12,1.69
E07000137,East Lindsey,E02005424,East Lindsey 001,E01026080,East Lindsey 001E,950,16,934,98.32
E07000137,East Lindsey,E02005424,East Lindsey 001,E01026106,East Lindsey 001F,540,551,0,0
E07000137,East Lindsey,E02005424,East Lindsey 001,E01026107,East Lindsey 001G,540,160,380,70.37
E07000137,East Lindsey,E02005425,East Lindsey 002,E01026058,East Lindsey 002A,1040,711,329,31.63
E07000137,East Lindsey,E02005425,East Lindsey 002,E01026076,East Lindsey 002B,1020,,,
E07000137,East Lindsey,E02005425,East Lindsey 002,E01026079,East Lindsey 002C,910,,,
E07000137,East Lindsey,E02005426,East Lindsey 003,E01026077,East Lindsey 003A,650,712,0,0
E07000137,East Lindsey,E02005426,East Lindsey 003,E01026078,East Lindsey 003B,500,477,23,4.6
E07000137,East Lindsey,E02005426,East Lindsey 003,E01026087,East Lindsey 003C,630,638,0,0
E07000137,East Lindsey,E02005426,East Lindsey 003,E01026088,East Lindsey 003D,650,618,32,4.92
E07000137,East Lindsey,E02005426,East Lindsey 003,E01026090,East Lindsey 003E,560,561,0,0
E07000137,East Lindsey,E02005426,East Lindsey 003,E01026091,East Lindsey 003F,540,549,0,0
E07000137,East Lindsey,E02005426,East Lindsey 003,E01026108,East Lindsey 003G,1160,1154,6,0.52
E07000137,East Lindsey,E02005427,East Lindsey 004,E01026081,East Lindsey 004A,1350,1285,65,4.81
E07000137,East Lindsey,E02005427,East Lindsey 004,E01026089,East Lindsey 004C,1050,1011,39,3.71
E07000137,East Lindsey,E02005427,East Lindsey 004,E01032986,East Lindsey 004D,640,600,40,6.25
E07000137,East Lindsey,E02005427,East Lindsey 004,E01032987,East Lindsey 004E,750,704,46,6.13
E07000137,East Lindsey,E02005428,East Lindsey 005,E01026072,East Lindsey 005A,1090,1050,40,3.67
E07000137,East Lindsey,E02005428,East Lindsey 005,E01026073,East Lindsey 005B,1090,1012,78,7.16
E07000137,East Lindsey,E02005428,East Lindsey 005,E01026074,East Lindsey 005C,1220,951,269,22.05
E07000137,East Lindsey,E02005428,East Lindsey 005,E01026099,East Lindsey 005D,990,51,939,94.85
E07000137,East Lindsey,E02005429,East Lindsey 006,E01026103,East Lindsey 006A,1100,1032,68,6.18
E07000137,East Lindsey,E02005429,East Lindsey 006,E01026104,East Lindsey 006B,1280,1223,57,4.45
E07000137,East Lindsey,E02005429,East Lindsey 006,E01026109,East Lindsey 006C,1320,1107,213,16.14
E07000137,East Lindsey,E02005430,East Lindsey 007,E01026071,East Lindsey 007A,1010,,,
E07000137,East Lindsey,E02005430,East Lindsey 007,E01026082,East Lindsey 007B,1070,260,810,75.7
E07000137,East Lindsey,E02005430,East Lindsey 007,E01026121,East Lindsey 007C,1230,,,
E07000137,East Lindsey,E02005431,East Lindsey 008,E01026042,East Lindsey 008A,810,798,12,1.48
E07000137,East Lindsey,E02005431,East Lindsey 008,E01026043,East Lindsey 008B,850,876,0,0
E07000137,East Lindsey,E02005431,East Lindsey 008,E01026044,East Lindsey 008C,670,281,389,58.06
E07000137,East Lindsey,E02005431,East Lindsey 008,E01026113,East Lindsey 008D,980,47,933,95.2
E07000137,East Lindsey,E02005431,East Lindsey 008,E01026117,East Lindsey 008E,920,149,771,83.8
E07000137,East Lindsey,E02005432,East Lindsey 009,E01026060,East Lindsey 009A,620,,,
E07000137,East Lindsey,E02005432,East Lindsey 009,E01026068,East Lindsey 009B,1030,275,755,73.3
E07000137,East Lindsey,E02005432,East Lindsey 009,E01026070,East Lindsey 009C,970,520,450,46.39
E07000137,East Lindsey,E02005432,East Lindsey 009,E01026105,East Lindsey 009D,1080,157,923,85.46
E07000137,East Lindsey,E02005433,East Lindsey 010,E01026048,East Lindsey 010A,960,,,
E07000137,East Lindsey,E02005433,East Lindsey 010,E01026049,East Lindsey 010B,980,,,
E07000137,East Lindsey,E02005433,East Lindsey 010,E01026050,East Lindsey 010C,960,,,
E07000137,East Lindsey,E02005433,East Lindsey 010,E01026069,East Lindsey 010D,1200,513,687,57.25
E07000137,East Lindsey,E02005434,East Lindsey 011,E01026064,East Lindsey 011A,750,720,30,4
E07000137,East Lindsey,E02005434,East Lindsey 011,E01026065,East Lindsey 011B,980,921,59,6.02
E07000137,East Lindsey,E02005434,East Lindsey 011,E01026066,East Lindsey 011C,990,924,66,6.67
E07000137,East Lindsey,E02005434,East Lindsey 011,E01026067,East Lindsey 011D,1010,923,87,8.61
E07000137,East Lindsey,E02005435,East Lindsey 012,E01026084,East Lindsey 012A,790,634,156,19.75
E07000137,East Lindsey,E02005435,East Lindsey 012,E01026115,East Lindsey 012C,880,592,288,32.73
E07000137,East Lindsey,E02005435,East Lindsey 012,E01026116,East Lindsey 012D,780,746,34,4.36
E07000137,East Lindsey,E02005435,East Lindsey 012,E01034685,East Lindsey 012E,700,522,178,25.43
E07000137,East Lindsey,E02005435,East Lindsey 012,E01034686,East Lindsey 012F,760,649,111,14.61
E07000137,East Lindsey,E02005436,East Lindsey 013,E01026046,East Lindsey 013A,590,480,110,18.64
E07000137,East Lindsey,E02005436,East Lindsey 013,E01026047,East Lindsey 013B,650,543,107,16.46
E07000137,East Lindsey,E02005436,East Lindsey 013,E01026055,East Lindsey 013C,520,,,
E07000137,East Lindsey,E02005436,East Lindsey 013,E01026059,East Lindsey 013D,510,,,
E07000137,East Lindsey,E02005436,East Lindsey 013,E01026100,East Lindsey 013E,920,882,38,4.13
E07000137,East Lindsey,E02005436,East Lindsey 013,E01026101,East Lindsey 013F,650,622,28,4.31
E07000137,East Lindsey,E02005437,East Lindsey 014,E01026092,East Lindsey 014A,690,552,138,20
E07000137,East Lindsey,E02005437,East Lindsey 014,E01026093,East Lindsey 014B,1070,768,302,28.22
E07000137,East Lindsey,E02005437,East Lindsey 014,E01026095,East Lindsey 014C,680,551,129,18.97
E07000137,East Lindsey,E02005437,East Lindsey 014,E01026114,East Lindsey 014D,940,706,234,24.89
E07000137,East Lindsey,E02005438,East Lindsey 015,E01026083,East Lindsey 015A,840,754,86,10.24
E07000137,East Lindsey,E02005438,East Lindsey 015,E01026094,East Lindsey 015B,1080,1014,66,6.11
E07000137,East Lindsey,E02005438,East Lindsey 015,E01026096,East Lindsey 015C,660,606,54,8.18
E07000137,East Lindsey,E02005438,East Lindsey 015,E01026097,East Lindsey 015D,790,738,52,6.58
E07000137,East Lindsey,E02005439,East Lindsey 016,E01026051,East Lindsey 016A,610,521,89,14.59
E07000137,East Lindsey,E02005439,East Lindsey 016,E01026052,East Lindsey 016B,1080,603,477,44.17
E07000137,East Lindsey,E02005439,East Lindsey 016,E01026053,East Lindsey 016C,810,520,290,35.8
E07000137,East Lindsey,E02005439,East Lindsey 016,E01026054,East Lindsey 016D,800,503,297,37.13
E07000137,East Lindsey,E02005439,East Lindsey 016,E01026118,East Lindsey 016E,870,876,0,0
E07000137,East Lindsey,E02005439,East Lindsey 016,E01026119,East Lindsey 016F,550,392,158,28.73
E07000137,East Lindsey,E02005439,East Lindsey 016,E01026120,East Lindsey 016G,800,712,88,11
E07000137,East Lindsey,E02005440,East Lindsey 017,E01026056,East Lindsey 017A,580,35,545,93.97
E07000137,East Lindsey,E02005440,East Lindsey 017,E01026110,East Lindsey 017B,700,,,
E07000137,East Lindsey,E02005440,East Lindsey 017,E01026111,East Lindsey 017C,690,,,
E07000137,East Lindsey,E02005440,East Lindsey 017,E01026112,East Lindsey 017D,570,,,
E07000137,East Lindsey,E02005441,East Lindsey 018,E01026057,East Lindsey 018A,890,,,
E07000137,East Lindsey,E02005441,East Lindsey 018,E01026075,East Lindsey 018B,1000,,,
E07000137,East Lindsey,E02005441,East Lindsey 018,E01026098,East Lindsey 018C,930,624,306,32.9
E07000137,East Lindsey,E02005441,East Lindsey 018,E01026102,East Lindsey 018D,1020,,,
E07000138,Lincoln,E02005442,Lincoln 001,E01026149,Lincoln 001A,840,835,5,0.6
E07000138,Lincoln,E02005442,Lincoln 001,E01026150,Lincoln 001B,900,884,16,1.78
E07000138,Lincoln,E02005442,Lincoln 001,E01026166,Lincoln 001C,600,628,0,0
E07000138,Lincoln,E02005442,Lincoln 001,E01026168,Lincoln 001D,730,725,5,0.68
E07000138,Lincoln,E02005443,Lincoln 002,E01026153,Lincoln 002A,1150,988,162,14.09
E07000138,Lincoln,E02005443,Lincoln 002,E01026155,Lincoln 002B,780,764,16,2.05
E07000138,Lincoln,E02005443,Lincoln 002,E01026157,Lincoln 002C,690,642,48,6.96
E07000138,Lincoln,E02005443,Lincoln 002,E01026165,Lincoln 002D,820,791,29,3.54
E07000138,Lincoln,E02005444,Lincoln 003,E01026125,Lincoln 003A,530,512,18,3.4
E07000138,Lincoln,E02005444,Lincoln 003,E01026144,Lincoln 003B,930,911,19,2.04
E07000138,Lincoln,E02005444,Lincoln 003,E01026147,Lincoln 003C,1120,1073,47,4.2
E07000138,Lincoln,E02005444,Lincoln 003,E01026148,Lincoln 003D,1080,1090,0,0
E07000138,Lincoln,E02005444,Lincoln 003,E01026151,Lincoln 003E,990,874,116,11.72
E07000138,Lincoln,E02005444,Lincoln 003,E01026164,Lincoln 003F,610,594,16,2.62
E07000138,Lincoln,E02005444,Lincoln 003,E01026167,Lincoln 003G,940,806,134,14.26
E07000138,Lincoln,E02005445,Lincoln 004,E01026122,Lincoln 004A,910,750,160,17.58
E07000138,Lincoln,E02005445,Lincoln 004,E01026123,Lincoln 004B,1160,1042,118,10.17
E07000138,Lincoln,E02005445,Lincoln 004,E01026124,Lincoln 004C,780,765,15,1.92
E07000138,Lincoln,E02005445,Lincoln 004,E01026126,Lincoln 004D,1020,778,242,23.73
E07000138,Lincoln,E02005445,Lincoln 004,E01026152,Lincoln 004E,590,592,0,0
E07000138,Lincoln,E02005445,Lincoln 004,E01026154,Lincoln 004F,530,534,0,0
E07000138,Lincoln,E02005445,Lincoln 004,E01026156,Lincoln 004G,500,482,18,3.6
E07000138,Lincoln,E02005446,Lincoln 005,E01026132,Lincoln 005A,1150,517,633,55.04
E07000138,Lincoln,E02005446,Lincoln 005,E01026145,Lincoln 005C,690,638,52,7.54
E07000138,Lincoln,E02005446,Lincoln 005,E01026146,Lincoln 005D,890,696,194,21.8
E07000138,Lincoln,E02005446,Lincoln 005,E01034687,Lincoln 005E,490,491,0,0
E07000138,Lincoln,E02005446,Lincoln 005,E01034688,Lincoln 005F,680,455,225,33.09
E07000138,Lincoln,E02005447,Lincoln 006,E01026134,Lincoln 006A,960,792,168,17.5
E07000138,Lincoln,E02005447,Lincoln 006,E01026176,Lincoln 006B,1120,938,182,16.25
E07000138,Lincoln,E02005447,Lincoln 006,E01026177,Lincoln 006C,900,842,58,6.44
E07000138,Lincoln,E02005447,Lincoln 006,E01026178,Lincoln 006D,840,804,36,4.29
E07000138,Lincoln,E02005448,Lincoln 007,E01026127,Lincoln 007A,670,653,17,2.54
E07000138,Lincoln,E02005448,Lincoln 007,E01026129,Lincoln 007C,740,669,71,9.59
E07000138,Lincoln,E02005448,Lincoln 007,E01026131,Lincoln 007D,630,624,6,0.95
E07000138,Lincoln,E02005448,Lincoln 007,E01034689,Lincoln 007E,510,506,4,0.78
E07000138,Lincoln,E02005448,Lincoln 007,E01034690,Lincoln 007F,740,748,0,0
E07000138,Lincoln,E02005449,Lincoln 008,E01026135,Lincoln 008B,780,773,7,0.9
E07000138,Lincoln,E02005449,Lincoln 008,E01026136,Lincoln 008C,780,815,0,0
E07000138,Lincoln,E02005449,Lincoln 008,E01026174,Lincoln 008D,700,647,53,7.57
E07000138,Lincoln,E02005449,Lincoln 008,E01034691,Lincoln 008E,1350,297,1053,78
E07000138,Lincoln,E02005449,Lincoln 008,E01034692,Lincoln 008F,630,625,5,0.79
E07000138,Lincoln,E02005450,Lincoln 009,E01026130,Lincoln 009A,640,633,7,1.09
E07000138,Lincoln,E02005450,Lincoln 009,E01026158,Lincoln 009B,680,654,26,3.82
E07000138,Lincoln,E02005450,Lincoln 009,E01026159,Lincoln 009C,690,618,72,10.43
E07000138,Lincoln,E02005450,Lincoln 009,E01026160,Lincoln 009D,630,623,7,1.11
E07000138,Lincoln,E02005450,Lincoln 009,E01026162,Lincoln 009E,650,608,42,6.46
E07000138,Lincoln,E02005450,Lincoln 009,E01026163,Lincoln 009F,620,634,0,0
E07000138,Lincoln,E02005451,Lincoln 010,E01026161,Lincoln 010A,700,664,36,5.14
E07000138,Lincoln,E02005451,Lincoln 010,E01026170,Lincoln 010B,670,657,13,1.94
E07000138,Lincoln,E02005451,Lincoln 010,E01026172,Lincoln 010C,660,654,6,0.91
E07000138,Lincoln,E02005451,Lincoln 010,E01026173,Lincoln 010D,720,718,2,0.28
E07000138,Lincoln,E02005451,Lincoln 010,E01026175,Lincoln 010E,1020,870,150,14.71
E07000138,Lincoln,E02005452,Lincoln 011,E01026137,Lincoln 011A,490,483,7,1.43
E07000138,Lincoln,E02005452,Lincoln 011,E01026138,Lincoln 011B,640,647,0,0
E07000138,Lincoln,E02005452,Lincoln 011,E01026139,Lincoln 011C,560,554,6,1.07
E07000138,Lincoln,E02005452,Lincoln 011,E01026140,Lincoln 011D,650,611,39,6
E07000138,Lincoln,E02005452,Lincoln 011,E01026141,Lincoln 011E,630,615,15,2.38
E07000138,Lincoln,E02005452,Lincoln 011,E01026142,Lincoln 011F,510,513,0,0
E07000138,Lincoln,E02005452,Lincoln 011,E01026169,Lincoln 011G,780,745,35,4.49
E07000138,Lincoln,E02005452,Lincoln 011,E01026171,Lincoln 011H,660,665,0,0
E07000139,North Kesteven,E02005453,North Kesteven 001,E01026186,North Kesteven 001A,740,743,0,0
E07000139,North Kesteven,E02005453,North Kesteven 001,E01026187,North Kesteven 001B,790,755,35,4.43
E07000139,North Kesteven,E02005453,North Kesteven 001,E01026189,North Kesteven 001C,850,825,25,2.94
E07000139,North Kesteven,E02005453,North Kesteven 001,E01026203,North Kesteven 001D,930,863,67,7.2
E07000139,North Kesteven,E02005453,North Kesteven 001,E01026204,North Kesteven 001E,750,756,0,0
E07000139,North Kesteven,E02005453,North Kesteven 001,E01026206,North Kesteven 001F,790,731,59,7.47
E07000139,North Kesteven,E02005455,North Kesteven 003,E01026182,North Kesteven 003B,660,,,
E07000139,North Kesteven,E02005455,North Kesteven 003,E01026193,North Kesteven 003C,680,5,675,99.26
E07000139,North Kesteven,E02005455,North Kesteven 003,E01026199,North Kesteven 003D,1050,6,1044,99.43
E07000139,North Kesteven,E02005455,North Kesteven 003,E01026225,North Kesteven 003E,760,650,110,14.47
E07000139,North Kesteven,E02005455,North Kesteven 003,E01026226,North Kesteven 003F,850,837,13,1.53
E07000139,North Kesteven,E02005455,North Kesteven 003,E01032994,North Kesteven 003H,640,493,147,22.97
E07000139,North Kesteven,E02005455,North Kesteven 003,E01034693,North Kesteven 003I,650,452,198,30.46
E07000139,North Kesteven,E02005455,North Kesteven 003,E01034694,North Kesteven 003J,740,719,21,2.84
E07000139,North Kesteven,E02005456,North Kesteven 004,E01026184,North Kesteven 004A,610,748,0,0
E07000139,North Kesteven,E02005456,North Kesteven 004,E01026185,North Kesteven 004B,1030,1033,0,0
E07000139,North Kesteven,E02005456,North Kesteven 004,E01026188,North Kesteven 004C,1090,1085,5,0.46
E07000139,North Kesteven,E02005456,North Kesteven 004,E01026190,North Kesteven 004D,780,826,0,0
E07000139,North Kesteven,E02005456,North Kesteven 004,E01026237,North Kesteven 004E,510,506,4,0.78
E07000139,North Kesteven,E02005456,North Kesteven 004,E01026238,North Kesteven 004F,620,658,0,0
E07000139,North Kesteven,E02005457,North Kesteven 005,E01026191,North Kesteven 005A,790,367,423,53.54
E07000139,North Kesteven,E02005457,North Kesteven 005,E01026205,North Kesteven 005B,770,658,112,14.55
E07000139,North Kesteven,E02005457,North Kesteven 005,E01026211,North Kesteven 005C,830,99,731,88.07
E07000139,North Kesteven,E02005457,North Kesteven 005,E01026212,North Kesteven 005D,700,632,68,9.71
E07000139,North Kesteven,E02005457,North Kesteven 005,E01026213,North Kesteven 005E,830,796,34,4.1
E07000139,North Kesteven,E02005458,North Kesteven 006,E01026192,North Kesteven 006A,560,,,
E07000139,North Kesteven,E02005458,North Kesteven 006,E01026194,North Kesteven 006B,950,938,12,1.26
E07000139,North Kesteven,E02005458,North Kesteven 006,E01026195,North Kesteven 006C,820,663,157,19.15
E07000139,North Kesteven,E02005458,North Kesteven 006,E01026196,North Kesteven 006D,700,135,565,80.71
E07000139,North Kesteven,E02005459,North Kesteven 007,E01026180,North Kesteven 007A,650,377,273,42
E07000139,North Kesteven,E02005459,North Kesteven 007,E01026183,North Kesteven 007B,1200,,,
E07000139,North Kesteven,E02005459,North Kesteven 007,E01026210,North Kesteven 007C,1060,,,
E07000139,North Kesteven,E02005459,North Kesteven 007,E01026224,North Kesteven 007D,810,770,40,4.94
E07000139,North Kesteven,E02005460,North Kesteven 008,E01026179,North Kesteven 008A,510,245,265,51.96
E07000139,North Kesteven,E02005460,North Kesteven 008,E01026197,North Kesteven 008B,660,514,146,22.12
E07000139,North Kesteven,E02005460,North Kesteven 008,E01026198,North Kesteven 008C,550,527,23,4.18
E07000139,North Kesteven,E02005460,North Kesteven 008,E01026223,North Kesteven 008D,920,906,14,1.52
E07000139,North Kesteven,E02005461,North Kesteven 009,E01026209,North Kesteven 009A,990,670,320,32.32
E07000139,North Kesteven,E02005461,North Kesteven 009,E01026221,North Kesteven 009B,1130,,,
E07000139,North Kesteven,E02005461,North Kesteven 009,E01026222,North Kesteven 009C,930,835,95,10.22
E07000139,North Kesteven,E02005462,North Kesteven 010,E01026227,North Kesteven 010A,830,688,142,17.11
E07000139,North Kesteven,E02005462,North Kesteven 010,E01026230,North Kesteven 010B,720,763,0,0
E07000139,North Kesteven,E02005462,North Kesteven 010,E01026231,North Kesteven 010C,1150,1165,0,0
E07000139,North Kesteven,E02005462,North Kesteven 010,E01026232,North Kesteven 010D,1110,1035,75,6.76
E07000139,North Kesteven,E02005462,North Kesteven 010,E01026235,North Kesteven 010E,810,706,104,12.84
E07000139,North Kesteven,E02005463,North Kesteven 011,E01026228,North Kesteven 011A,750,739,11,1.47
E07000139,North Kesteven,E02005463,North Kesteven 011,E01026229,North Kesteven 011B,750,719,31,4.13
E07000139,North Kesteven,E02005463,North Kesteven 011,E01026233,North Kesteven 011C,760,739,21,2.76
E07000139,North Kesteven,E02005463,North Kesteven 011,E01026236,North Kesteven 011E,570,524,46,8.07
E07000139,North Kesteven,E02005463,North Kesteven 011,E01034695,North Kesteven 011F,740,738,2,0.27
E07000139,North Kesteven,E02005463,North Kesteven 011,E01034696,North Kesteven 011G,630,643,0,0
E07000139,North Kesteven,E02005464,North Kesteven 012,E01026200,North Kesteven 012A,760,706,54,7.11
E07000139,North Kesteven,E02005464,North Kesteven 012,E01026201,North Kesteven 012B,900,328,572,63.56
E07000139,North Kesteven,E02005464,North Kesteven 012,E01026202,North Kesteven 012C,990,964,26,2.63
E07000139,North Kesteven,E02005464,North Kesteven 012,E01026207,North Kesteven 012D,570,,,
E07000139,North Kesteven,E02005464,North Kesteven 012,E01026208,North Kesteven 012E,670,332,338,50.45
E07000139,North Kesteven,E02006866,North Kesteven 013,E01026220,North Kesteven 013A,1090,1082,8,0.73
E07000139,North Kesteven,E02006866,North Kesteven 013,E01032988,North Kesteven 013B,770,756,14,1.82
E07000139,North Kesteven,E02006866,North Kesteven 013,E01032989,North Kesteven 013C,800,780,20,2.5
E07000139,North Kesteven,E02006866,North Kesteven 013,E01032993,North Kesteven 013D,1080,1043,37,3.43
E07000139,North Kesteven,E02006867,North Kesteven 014,E01026214,North Kesteven 014A,530,522,8,1.51
E07000139,North Kesteven,E02006867,North Kesteven 014,E01026215,North Kesteven 014B,490,490,0,0
E07000139,North Kesteven,E02006867,North Kesteven 014,E01026218,North Kesteven 014C,570,477,93,16.32
E07000139,North Kesteven,E02006867,North Kesteven 014,E01026219,North Kesteven 014D,530,491,39,7.36
E07000139,North Kesteven,E02006867,North Kesteven 014,E01032991,North Kesteven 014E,1030,1054,0,0
E07000139,North Kesteven,E02006867,North Kesteven 014,E01032992,North Kesteven 014F,740,700,40,5.41
E07000140,South Holland,E02005465,South Holland 001,E01026242,South Holland 001A,790,543,247,31.27
E07000140,South Holland,E02005465,South Holland 001,E01026243,South Holland 001B,610,488,122,20
E07000140,South Holland,E02005465,South Holland 001,E01026244,South Holland 001C,560,308,252,45
E07000140,South Holland,E02005465,South Holland 001,E01026247,South Holland 001D,860,565,295,34.3
E07000140,South Holland,E02005465,South Holland 001,E01026276,South Holland 001E,1050,358,692,65.9
E07000140,South Holland,E02005466,South Holland 002,E01026246,South Holland 002A,990,330,660,66.67
E07000140,South Holland,E02005466,South Holland 002,E01026248,South Holland 002B,980,124,856,87.35
E07000140,South Holland,E02005466,South Holland 002,E01026257,South Holland 002C,1000,851,149,14.9
E07000140,South Holland,E02005467,South Holland 003,E01026250,South Holland 003A,1060,1032,28,2.64
E07000140,South Holland,E02005467,South Holland 003,E01026251,South Holland 003B,850,887,0,0
E07000140,South Holland,E02005467,South Holland 003,E01026252,South Holland 003C,840,838,2,0.24
E07000140,South Holland,E02005467,South Holland 003,E01026253,South Holland 003D,880,865,15,1.7
E07000140,South Holland,E02005468,South Holland 004,E01026281,South Holland 004A,570,304,266,46.67
E07000140,South Holland,E02005468,South Holland 004,E01026282,South Holland 004B,790,499,291,36.84
E07000140,South Holland,E02005468,South Holland 004,E01026283,South Holland 004C,770,321,449,58.31
E07000140,South Holland,E02005468,South Holland 004,E01026285,South Holland 004D,640,326,314,49.06
E07000140,South Holland,E02005468,South Holland 004,E01026286,South Holland 004E,530,274,256,48.3
E07000140,South Holland,E02005469,South Holland 005,E01026241,South Holland 005A,800,71,729,91.13
E07000140,South Holland,E02005469,South Holland 005,E01026258,South Holland 005B,970,1028,0,0
E07000140,South Holland,E02005469,South Holland 005,E01026259,South Holland 005C,710,75,635,89.44
E07000140,South Holland,E02005469,South Holland 005,E01026260,South Holland 005D,910,861,49,5.38
E07000140,South Holland,E02005470,South Holland 006,E01026266,South Holland 006B,1100,954,146,13.27
E07000140,South Holland,E02005470,South Holland 006,E01026273,South Holland 006C,800,775,25,3.13
E07000140,South Holland,E02005470,South Holland 006,E01026275,South Holland 006E,1100,1117,0,0
E07000140,South Holland,E02005470,South Holland 006,E01032995,South Holland 006F,760,601,159,20.92
E07000140,South Holland,E02005470,South Holland 006,E01032996,South Holland 006G,580,563,17,2.93
E07000140,South Holland,E02005470,South Holland 006,E01034697,South Holland 006H,670,675,0,0
E07000140,South Holland,E02005470,South Holland 006,E01034698,South Holland 006I,600,611,0,0
E07000140,South Holland,E02005471,South Holland 007,E01026268,South Holland 007A,920,860,60,6.52
E07000140,South Holland,E02005471,South Holland 007,E01026269,South Holland 007B,1000,944,56,5.6
E07000140,South Holland,E02005471,South Holland 007,E01026270,South Holland 007C,790,661,129,16.33
E07000140,South Holland,E02005471,South Holland 007,E01026271,South Holland 007D,720,716,4,0.56
E07000140,South Holland,E02005471,South Holland 007,E01026272,South Holland 007E,610,597,13,2.13
E07000140,South Holland,E02005472,South Holland 008,E01026254,South Holland 008A,860,265,595,69.19
E07000140,South Holland,E02005472,South Holland 008,E01026255,South Holland 008B,950,867,83,8.74
E07000140,South Holland,E02005472,South Holland 008,E01026256,South Holland 008C,750,536,214,28.53
E07000140,South Holland,E02005472,South Holland 008,E01026277,South Holland 008D,770,689,81,10.52
E07000140,South Holland,E02005472,South Holland 008,E01026278,South Holland 008E,670,404,266,39.7
E07000140,South Holland,E02005472,South Holland 008,E01026279,South Holland 008F,650,605,45,6.92
E07000140,South Holland,E02005473,South Holland 009,E01026262,South Holland 009A,690,666,24,3.48
E07000140,South Holland,E02005473,South Holland 009,E01026263,South Holland 009B,970,1030,0,0
E07000140,South Holland,E02005473,South Holland 009,E01026264,South Holland 009C,670,655,15,2.24
E07000140,South Holland,E02005473,South Holland 009,E01026265,South Holland 009D,540,518,22,4.07
E07000140,South Holland,E02005473,South Holland 009,E01034699,South Holland 009F,520,523,0,0
E07000140,South Holland,E02005473,South Holland 009,E01034700,South Holland 009G,730,698,32,4.38
E07000140,South Holland,E02005474,South Holland 010,E01026245,South Holland 010A,1110,739,371,33.42
E07000140,South Holland,E02005474,South Holland 010,E01026249,South Holland 010B,790,134,656,83.04
E07000140,South Holland,E02005474,South Holland 010,E01026280,South Holland 010C,1120,,,
E07000140,South Holland,E02005475,South Holland 011,E01026239,South Holland 011A,970,747,223,22.99
E07000140,South Holland,E02005475,South Holland 011,E01026240,South Holland 011B,1030,1064,0,0
E07000140,South Holland,E02005475,South Holland 011,E01026284,South Holland 011C,960,599,361,37.6
E07000141,South Kesteven,E02005476,South Kesteven 001,E01026313,South Kesteven 001A,660,167,493,74.7
E07000141,South Kesteven,E02005476,South Kesteven 001,E01026314,South Kesteven 001B,610,,,
E07000141,South Kesteven,E02005476,South Kesteven 001,E01026329,South Kesteven 001C,860,,,
E07000141,South Kesteven,E02005476,South Kesteven 001,E01026333,South Kesteven 001D,1110,486,624,56.22
E07000141,South Kesteven,E02005477,South Kesteven 002,E01026291,South Kesteven 002A,890,915,0,0
E07000141,South Kesteven,E02005477,South Kesteven 002,E01026340,South Kesteven 002B,1040,1026,14,1.35
E07000141,South Kesteven,E02005477,South Kesteven 002,E01026355,South Kesteven 002C,1130,801,329,29.12
E07000141,South Kesteven,E02005477,South Kesteven 002,E01026365,South Kesteven 002D,1070,616,454,42.43
E07000141,South Kesteven,E02005478,South Kesteven 003,E01026325,South Kesteven 003A,630,635,0,0
E07000141,South Kesteven,E02005478,South Kesteven 003,E01026326,South Kesteven 003B,650,649,1,0.15
E07000141,South Kesteven,E02005478,South Kesteven 003,E01026327,South Kesteven 003C,640,639,1,0.16
E07000141,South Kesteven,E02005478,South Kesteven 003,E01026328,South Kesteven 003D,620,613,7,1.13
E07000141,South Kesteven,E02005478,South Kesteven 003,E01026352,South Kesteven 003E,590,561,29,4.92
E07000141,South Kesteven,E02005478,South Kesteven 003,E01026353,South Kesteven 003F,940,789,151,16.06
E07000141,South Kesteven,E02005478,South Kesteven 003,E01026354,South Kesteven 003G,500,492,8,1.6
E07000141,South Kesteven,E02005479,South Kesteven 004,E01026321,South Kesteven 004B,660,652,8,1.21
E07000141,South Kesteven,E02005479,South Kesteven 004,E01026322,South Kesteven 004C,640,628,12,1.87
E07000141,South Kesteven,E02005479,South Kesteven 004,E01026323,South Kesteven 004D,1130,881,249,22.04
E07000141,South Kesteven,E02005479,South Kesteven 004,E01026324,South Kesteven 004E,900,893,7,0.78
E07000141,South Kesteven,E02005479,South Kesteven 004,E01034701,South Kesteven 004F,550,587,0,0
E07000141,South Kesteven,E02005479,South Kesteven 004,E01034702,South Kesteven 004G,640,641,0,0
E07000141,South Kesteven,E02005480,South Kesteven 005,E01026308,South Kesteven 005A,640,680,0,0
E07000141,South Kesteven,E02005480,South Kesteven 005,E01026309,South Kesteven 005B,720,704,16,2.22
E07000141,South Kesteven,E02005480,South Kesteven 005,E01026310,South Kesteven 005C,450,447,3,0.67
E07000141,South Kesteven,E02005480,South Kesteven 005,E01026311,South Kesteven 005D,700,639,61,8.71
E07000141,South Kesteven,E02005480,South Kesteven 005,E01026312,South Kesteven 005E,460,458,2,0.43
E07000141,South Kesteven,E02005481,South Kesteven 006,E01026317,South Kesteven 006A,1200,1044,156,13
E07000141,South Kesteven,E02005481,South Kesteven 006,E01026318,South Kesteven 006B,1070,968,102,9.53
E07000141,South Kesteven,E02005481,South Kesteven 006,E01026319,South Kesteven 006C,1160,922,238,20.52
E07000141,South Kesteven,E02005481,South Kesteven 006,E01026343,South Kesteven 006D,1000,817,183,18.3
E07000141,South Kesteven,E02005481,South Kesteven 006,E01026344,South Kesteven 006E,710,639,71,10
E07000141,South Kesteven,E02005481,South Kesteven 006,E01026345,South Kesteven 006F,770,698,72,9.35
E07000141,South Kesteven,E02005482,South Kesteven 007,E01026292,South Kesteven 007A,650,642,8,1.23
E07000141,South Kesteven,E02005482,South Kesteven 007,E01026293,South Kesteven 007B,930,836,94,10.11
E07000141,South Kesteven,E02005482,South Kesteven 007,E01026294,South Kesteven 007C,660,653,7,1.06
E07000141,South Kesteven,E02005482,South Kesteven 007,E01026316,South Kesteven 007D,1120,,,
E07000141,South Kesteven,E02005482,South Kesteven 007,E01026332,South Kesteven 007E,980,,,
E07000141,South Kesteven,E02005483,South Kesteven 008,E01026290,South Kesteven 008A,970,,,
E07000141,South Kesteven,E02005483,South Kesteven 008,E01026341,South Kesteven 008B,680,510,170,25
E07000141,South Kesteven,E02005483,South Kesteven 008,E01026342,South Kesteven 008C,600,370,230,38.33
E07000141,South Kesteven,E02005483,South Kesteven 008,E01026361,South Kesteven 008D,1230,,,
E07000141,South Kesteven,E02005484,South Kesteven 009,E01026315,South Kesteven 009A,1020,,,
E07000141,South Kesteven,E02005484,South Kesteven 009,E01026331,South Kesteven 009B,1170,630,540,46.15
E07000141,South Kesteven,E02005484,South Kesteven 009,E01026338,South Kesteven 009C,550,166,384,69.82
E07000141,South Kesteven,E02005484,South Kesteven 009,E01026339,South Kesteven 009D,590,464,126,21.36
E07000141,South Kesteven,E02005485,South Kesteven 010,E01026299,South Kesteven 010A,750,738,12,1.6
E07000141,South Kesteven,E02005485,South Kesteven 010,E01026300,South Kesteven 010B,640,606,34,5.31
E07000141,South Kesteven,E02005485,South Kesteven 010,E01026302,South Kesteven 010D,540,536,4,0.74
E07000141,South Kesteven,E02005485,South Kesteven 010,E01034703,South Kesteven 010E,610,595,15,2.46
E07000141,South Kesteven,E02005485,South Kesteven 010,E01034704,South Kesteven 010F,420,547,0,0
E07000141,South Kesteven,E02005485,South Kesteven 010,E01034705,South Kesteven 010G,590,595,0,0
E07000141,South Kesteven,E02005486,South Kesteven 011,E01026296,South Kesteven 011B,670,593,77,11.49
E07000141,South Kesteven,E02005486,South Kesteven 011,E01026297,South Kesteven 011C,650,617,33,5.08
E07000141,South Kesteven,E02005486,South Kesteven 011,E01026298,South Kesteven 011D,1120,983,137,12.23
E07000141,South Kesteven,E02005486,South Kesteven 011,E01032997,South Kesteven 011E,460,459,1,0.22
E07000141,South Kesteven,E02005486,South Kesteven 011,E01032998,South Kesteven 011F,830,808,22,2.65
E07000141,South Kesteven,E02005486,South Kesteven 011,E01032999,South Kesteven 011G,570,559,11,1.93
E07000141,South Kesteven,E02005487,South Kesteven 012,E01026330,South Kesteven 012A,900,,,
E07000141,South Kesteven,E02005487,South Kesteven 012,E01026360,South Kesteven 012B,940,823,117,12.45
E07000141,South Kesteven,E02005487,South Kesteven 012,E01026362,South Kesteven 012C,730,656,74,10.14
E07000141,South Kesteven,E02005487,South Kesteven 012,E01026363,South Kesteven 012D,780,402,378,48.46
E07000141,South Kesteven,E02005487,South Kesteven 012,E01026364,South Kesteven 012E,810,748,62,7.65
E07000141,South Kesteven,E02005488,South Kesteven 013,E01026334,South Kesteven 013A,660,634,26,3.94
E07000141,South Kesteven,E02005488,South Kesteven 013,E01026335,South Kesteven 013B,760,762,0,0
E07000141,South Kesteven,E02005488,South Kesteven 013,E01026336,South Kesteven 013C,760,517,243,31.97
E07000141,South Kesteven,E02005488,South Kesteven 013,E01026337,South Kesteven 013D,950,949,1,0.11
E07000141,South Kesteven,E02005489,South Kesteven 014,E01026303,South Kesteven 014A,530,526,4,0.75
E07000141,South Kesteven,E02005489,South Kesteven 014,E01026304,South Kesteven 014B,650,422,228,35.08
E07000141,South Kesteven,E02005489,South Kesteven 014,E01026305,South Kesteven 014C,610,607,3,0.49
E07000141,South Kesteven,E02005489,South Kesteven 014,E01026306,South Kesteven 014D,830,759,71,8.55
E07000141,South Kesteven,E02005489,South Kesteven 014,E01026307,South Kesteven 014E,570,574,0,0
E07000141,South Kesteven,E02005490,South Kesteven 015,E01026287,South Kesteven 015A,630,598,32,5.08
E07000141,South Kesteven,E02005490,South Kesteven 015,E01026288,South Kesteven 015B,800,756,44,5.5
E07000141,South Kesteven,E02005490,South Kesteven 015,E01026289,South Kesteven 015C,1050,1028,22,2.1
E07000141,South Kesteven,E02005490,South Kesteven 015,E01026346,South Kesteven 015D,520,526,0,0
E07000141,South Kesteven,E02005490,South Kesteven 015,E01026347,South Kesteven 015E,870,749,121,13.91
E07000141,South Kesteven,E02005490,South Kesteven 015,E01026348,South Kesteven 015F,500,491,9,1.8
E07000141,South Kesteven,E02005491,South Kesteven 016,E01026349,South Kesteven 016A,790,706,84,10.63
E07000141,South Kesteven,E02005491,South Kesteven 016,E01026350,South Kesteven 016B,1110,1003,107,9.64
E07000141,South Kesteven,E02005491,South Kesteven 016,E01026351,South Kesteven 016C,1020,933,87,8.53
E07000141,South Kesteven,E02005491,South Kesteven 016,E01026356,South Kesteven 016D,600,588,12,2
E07000141,South Kesteven,E02005491,South Kesteven 016,E01026357,South Kesteven 016E,600,595,5,0.83
E07000141,South Kesteven,E02005491,South Kesteven 016,E01026358,South Kesteven 016F,620,603,17,2.74
E07000141,South Kesteven,E02005491,South Kesteven 016,E01026359,South Kesteven 016G,1010,1083,0,0
E07000142,West Lindsey,E02005492,West Lindsey 001,E01026367,West Lindsey 001A,830,627,203,24.46
E07000142,West Lindsey,E02005492,West Lindsey 001,E01026368,West Lindsey 001B,860,842,18,2.09
E07000142,West Lindsey,E02005492,West Lindsey 001,E01026387,West Lindsey 001C,1160,340,820,70.69
E07000142,West Lindsey,E02005492,West Lindsey 001,E01026416,West Lindsey 001D,580,115,465,80.17
E07000142,West Lindsey,E02005492,West Lindsey 001,E01032683,West Lindsey 001G,1090,931,159,14.59
E07000142,West Lindsey,E02005493,West Lindsey 002,E01026380,West Lindsey 002A,1050,1116,0,0
E07000142,West Lindsey,E02005493,West Lindsey 002,E01026401,West Lindsey 002B,680,522,158,23.24
E07000142,West Lindsey,E02005493,West Lindsey 002,E01026402,West Lindsey 002C,890,835,55,6.18
E07000142,West Lindsey,E02005493,West Lindsey 002,E01026403,West Lindsey 002D,570,117,453,79.47
E07000142,West Lindsey,E02005493,West Lindsey 002,E01026407,West Lindsey 002E,600,12,588,98
E07000142,West Lindsey,E02005493,West Lindsey 002,E01026408,West Lindsey 002F,630,578,52,8.25
E07000142,West Lindsey,E02005494,West Lindsey 003,E01026389,West Lindsey 003A,990,905,85,8.59
E07000142,West Lindsey,E02005494,West Lindsey 003,E01026390,West Lindsey 003B,880,828,52,5.91
E07000142,West Lindsey,E02005494,West Lindsey 003,E01026391,West Lindsey 003C,970,555,415,42.78
E07000142,West Lindsey,E02005494,West Lindsey 003,E01026392,West Lindsey 003D,1360,824,536,39.41
E07000142,West Lindsey,E02005494,West Lindsey 003,E01026415,West Lindsey 003E,530,409,121,22.83
E07000142,West Lindsey,E02005495,West Lindsey 004,E01026378,West Lindsey 004A,790,783,7,0.89
E07000142,West Lindsey,E02005495,West Lindsey 004,E01026379,West Lindsey 004B,860,842,18,2.09
E07000142,West Lindsey,E02005495,West Lindsey 004,E01026381,West Lindsey 004C,910,940,0,0
E07000142,West Lindsey,E02005495,West Lindsey 004,E01026382,West Lindsey 004D,850,802,48,5.65
E07000142,West Lindsey,E02005495,West Lindsey 004,E01026383,West Lindsey 004E,880,815,65,7.39
E07000142,West Lindsey,E02005495,West Lindsey 004,E01026384,West Lindsey 004F,1190,998,192,16.13
E07000142,West Lindsey,E02005496,West Lindsey 005,E01026385,West Lindsey 005A,530,259,271,51.13
E07000142,West Lindsey,E02005496,West Lindsey 005,E01026386,West Lindsey 005B,570,300,270,47.37
E07000142,West Lindsey,E02005496,West Lindsey 005,E01026399,West Lindsey 005C,670,564,106,15.82
E07000142,West Lindsey,E02005496,West Lindsey 005,E01026411,West Lindsey 005D,1120,276,844,75.36
E07000142,West Lindsey,E02005497,West Lindsey 006,E01026374,West Lindsey 006A,670,661,9,1.34
E07000142,West Lindsey,E02005497,West Lindsey 006,E01026375,West Lindsey 006B,900,914,0,0
E07000142,West Lindsey,E02005497,West Lindsey 006,E01026376,West Lindsey 006C,790,723,67,8.48
E07000142,West Lindsey,E02005497,West Lindsey 006,E01026377,West Lindsey 006D,960,922,38,3.96
E07000142,West Lindsey,E02005498,West Lindsey 007,E01026388,West Lindsey 007A,980,732,248,25.31
E07000142,West Lindsey,E02005498,West Lindsey 007,E01026404,West Lindsey 007B,1070,841,229,21.4
E07000142,West Lindsey,E02005498,West Lindsey 007,E01026409,West Lindsey 007C,590,,,
E07000142,West Lindsey,E02005498,West Lindsey 007,E01026410,West Lindsey 007D,820,,,
E07000142,West Lindsey,E02005499,West Lindsey 008,E01026372,West Lindsey 008A,1080,944,136,12.59
E07000142,West Lindsey,E02005499,West Lindsey 008,E01026412,West Lindsey 008B,880,726,154,17.5
E07000142,West Lindsey,E02005499,West Lindsey 008,E01026413,West Lindsey 008C,910,899,11,1.21
E07000142,West Lindsey,E02005499,West Lindsey 008,E01026414,West Lindsey 008D,820,177,643,78.41
E07000142,West Lindsey,E02005500,West Lindsey 009,E01026396,West Lindsey 009A,640,565,75,11.72
E07000142,West Lindsey,E02005500,West Lindsey 009,E01026398,West Lindsey 009C,800,636,164,20.5
E07000142,West Lindsey,E02005500,West Lindsey 009,E01026400,West Lindsey 009D,680,619,61,8.97
E07000142,West Lindsey,E02005500,West Lindsey 009,E01034706,West Lindsey 009E,610,668,0,0
E07000142,West Lindsey,E02005500,West Lindsey 009,E01034707,West Lindsey 009F,680,391,289,42.5
E07000142,West Lindsey,E02005501,West Lindsey 010,E01026393,West Lindsey 010A,700,697,3,0.43
E07000142,West Lindsey,E02005501,West Lindsey 010,E01026394,West Lindsey 010B,980,1018,0,0
E07000142,West Lindsey,E02005501,West Lindsey 010,E01026395,West Lindsey 010C,740,740,0,0
E07000142,West Lindsey,E02005501,West Lindsey 010,E01026405,West Lindsey 010D,580,601,0,0
E07000142,West Lindsey,E02005501,West Lindsey 010,E01026406,West Lindsey 010E,540,494,46,8.52
E07000142,West Lindsey,E02005502,West Lindsey 011,E01026366,West Lindsey 011A,1130,713,417,36.9
E07000142,West Lindsey,E02005502,West Lindsey 011,E01026369,West Lindsey 011B,620,582,38,6.13
E07000142,West Lindsey,E02005502,West Lindsey 011,E01026370,West Lindsey 011C,1170,1135,35,2.99
E07000142,West Lindsey,E02005502,West Lindsey 011,E01026371,West Lindsey 011D,540,532,8,1.48
E07000142,West Lindsey,E02005502,West Lindsey 011,E01026373,West Lindsey 011E,950,410,540,56.84
