target,model,years,mean_rmse,mean_mae,mean_directional_accuracy,mean_interval_coverage_95,mean_interval_width_95
PublicSAMHI3_ComponentsOnly,BayesianRidge,6,0.1419218807316642,0.10757601984805694,0.8924569849275565,0.9787334623276464,0.6789303165674463
PublicSAMHI3_ComponentsOnly,CatBoost,6,0.15436365196914795,0.11057344315699393,0.8790013292754616,,
PublicSAMHI3_ComponentsOnly,ElasticNet,6,0.14568851338727304,0.1099697924609871,0.8923046789782338,,
PublicSAMHI3_ComponentsOnly,ExtraTrees,6,0.14446707271324433,0.10691643570187696,0.8879850779635862,,
PublicSAMHI3_ComponentsOnly,LightGBM,6,0.15182982435864842,0.10979254614685431,0.8813308345232215,,
PublicSAMHI3_ComponentsOnly,Persistence,6,0.20843065021061088,0.1688494401014787,,,
PublicSAMHI3_ComponentsOnly,RandomForest,6,0.14369512754165803,0.10666266232046358,0.8893454774868116,,
PublicSAMHI3_ComponentsOnly,Ridge,6,0.141921234132198,0.10757945159860142,0.8924569849275565,,
PublicSAMHI3_ComponentsOnly,XGBoost,6,0.14989272074661064,0.10863150309212521,0.8840212038523781,,
PublicSAMHI3_HistoryPlusComponents,BayesianRidge,6,0.1420789521752326,0.10785668282913795,0.8924620606574464,0.9785710878382036,0.6760582739095086
PublicSAMHI3_HistoryPlusComponents,CatBoost,6,0.15194053415345932,0.10789051641105256,0.8870109089153678,,
PublicSAMHI3_HistoryPlusComponents,ElasticNet,6,0.14330500497023754,0.10797474843611227,0.8924874343615986,,
PublicSAMHI3_HistoryPlusComponents,ExtraTrees,6,0.13798506220590892,0.10251436016048952,0.8922032327249504,,
PublicSAMHI3_HistoryPlusComponents,LightGBM,6,0.14746299076951966,0.10666866858500194,0.8884472256464221,,
PublicSAMHI3_HistoryPlusComponents,Persistence,6,0.20843065021061088,0.1688494401014787,,,
PublicSAMHI3_HistoryPlusComponents,RandomForest,6,0.13961767546297293,0.10364259895804773,0.8918022354455376,,
PublicSAMHI3_HistoryPlusComponents,Ridge,6,0.14206928959952073,0.1078509650161087,0.8924620606574464,,
PublicSAMHI3_HistoryPlusComponents,XGBoost,6,0.1462292599293128,0.10597412403024035,0.8890106286700608,,
PublishedSAMHI,BayesianRidge,6,0.32458133128227923,0.2495233884832104,0.6837372630211505,0.9608756546096701,1.4086458982027843
PublishedSAMHI,CatBoost,6,0.3282922048810522,0.24866373924134044,0.6695946494539845,,
PublishedSAMHI,ElasticNet,6,0.32172878345460154,0.2469821043629871,0.6869189704867454,,
PublishedSAMHI,ExtraTrees,6,0.3200894308763978,0.24404794964876056,0.6743037794828076,,
PublishedSAMHI,LightGBM,6,0.329553550055124,0.24968524768368294,0.6723551739536394,,
PublishedSAMHI,Persistence,6,0.3460010508252616,0.26721983337283123,,,
PublishedSAMHI,RandomForest,6,0.3266958185021962,0.2491365922073295,0.6672553079202695,,
PublishedSAMHI,Ridge,6,0.3245864602572055,0.24953170982491168,0.6837677099825438,,
PublishedSAMHI,XGBoost,6,0.3291017648018231,0.24938090959156745,0.6729844111557667,,
